USE cpu_term;

INSERT INTO users (ml_id, userCode, charName)
    VALUES  (-1, '333333', 'Test'),
            (161, '876353', 'Puck');

INSERT INTO user_functions (user_id, mlFunction_id)
    VALUES  (-1, 181),
            (-1, 191),
            (-1, 177),
            (-1, 200),
            (-1, 369),
            (-1, 371),
            (-1, 377),
            (-1, 378),
            (-1, 381),
            (-1, 390),
            (-1, 392),
            (-1, 393),
            (-1, 395),
            (-1, 399),
            (-1, 400),
            (161, 2),
            (161, 4),
            (161, 5),
            (161, 6),
            (161, 7),
            (161, 12),
            (161, 13),
            (161, 26),
            (161, 272),
            (161, 369),
            (161, 370),
            (161, 371),
            (161, 374),
            (161, 378),
            (161, 381),
            (161, 390);

INSERT INTO user_selfreport (user_id, mlFunction_id)
    VALUES  (-1, 181),
            (-1, 191),
            (-1, 177),
            (-1, 200),
            (-1, 369),
            (-1, 371),
            (-1, 377),
            (-1, 378),
            (-1, 381),
            (-1, 390),
            (-1, 392),
            (-1, 393),
            (-1, 395),
            (-1, 399),
            (-1, 400),
            (161, 2),
            (161, 4),
            (161, 5),
            (161, 6),
            (161, 7),
            (161, 12),
            (161, 13),
            (161, 26),
            (161, 369),
            (161, 370),
            (161, 371),
            (161, 374),
            (161, 378),
            (161, 381),
            (161, 390);