
USE dbiykpinec1m8s;

INSERT INTO sim_active_codes
            (simCode, jobCode)
    VALUES  ('JUL25', 'ABC1234');

INSERT INTO items
            (abbr, name, tier, category, radio, enabled)	
    VALUES  ('cmm_wid','CMM Widow',2,'arms',NULL, 1),
            ('cmm_coc','CMM Cocoon',2,'arms',NULL, 1),
            ('copycat','Copycat',0,'cust',NULL, 1),
            ('phack_0','Pocket Hacker',0,'cust','ph', 1),
            ('phack_1','Pocket Hacker',1,'cust','ph', 1),
            ('deck_bud','Budget Cyberdeck',0,'deck','deck', 1),
            ('deck_crd_1','CRD Spider Cyberdeck',1,'deck','deck', 1),
            ('deck_crd_2','CRD Spider Cyberdeck',2,'deck','deck', 1),
            ('deck_jst','Johnny&#39;s Special Touch',1,'deck','deck', 1),
            ('deck_mm','MM Console',0,'deck','deck', 1),
            ('deck_uh9k','Power Glove [Ultra-Hacking 9000]',1,'impl','deck', 1),
            ('deck_fkd_0','FKD DC-17',0,'deck','deck', 1),
            ('deck_fkd_1','FKD DC-17',1,'deck','deck', 1),
            ('brad','Budget Remote Access Drive',0,'util',NULL, 0),
            ('beac','CypherSync Beacon',0,'util',NULL, 1),
            ('digi_pet','DigiPet',0,'util',NULL, 1),
            ('nsg','Nerd&#39;s Safety Glasses',0,'util',NULL, 1),
            ('impl_clec','CLEC Fingers',0,'impl',NULL, 1),
            ('impl_mags','Canopic Jar [Magsweep]',0,'impl',NULL, 0),
            ('shim_0','Shimmerstick',0,'cons',NULL, 1),
            ('shim_1','Shimmerstick',1,'cons',NULL, 1),
            ('vigil','Vigil',NULL,'cons',NULL, 0);

INSERT INTO item_effects
            (abbr, use_loc, req_type, requirement, charges, per_type, notes)	
    VALUES  ('cmm','init','function','Slip',1,'scene','+1 Tag'),
            ('copycat','confirm',NULL,NULL,1,'sim','Skip Action Timer'),
            ('phack_0','itemTab',NULL,NULL,1,'sim','+1 Tag'),
            ('phack_1','itemTab',NULL,NULL,2,'sim','+1 Tag'),
            ('deck_bud','itemTab',NULL,NULL,1,'sim','[DECK] +1 Tag'),
            ('deck_crd_1','itemTab',NULL,NULL,1,'sim','[DECK] +1 Tag'),
            ('deck_crd_2','itemTab',NULL,NULL,2,'sim','[DECK] +2 Tags'),
            ('deck_jst','auto_action',NULL,NULL,NULL,NULL,'Repeat > Access > All Icons > -1 Tag'),
            ('deck_mm','itemTab',NULL,NULL,2,'sim','[DECK] +1 Tag'),
            ('deck_uh9k','auto_init',NULL,NULL,NULL,NULL,'Timer -5s'),
            ('brad','before_after','function','Hacking',NULL,NULL,NULL),
            ('beac','auto_init',NULL,NULL,NULL,NULL,'+1 Hacking'),
            ('pet_play','itemTab',NULL,NULL,1,'sim','[Nothing except adds active effect]'),
            ('pet_use','execute','active_effect','pet_play',1,'scene','Complete Timer'),
            ('nsg','failed_puzzle',NULL,NULL,1,'sim','Re-attempt failed Puzzle'),
            ('impl_clec','init',NULL,NULL,1,'sim','+1 Hacking'),
            ('impl_mags','init',NULL,NULL,1,'sim','Perform Brick Action / Skip Timer'),
            ('shim_0','before_after',NULL,NULL,10,'item','+1 Tag to Costs; +30s on All Actions'),
            ('shim_1','before_after',NULL,NULL,10,'item','+1 Tag to Costs; +15s on All Actions'),
            ('vigil','init',NULL,NULL,1,'item',NULL);

INSERT INTO items_to_effects
            (item_abbr, effect_abbr)	
    VALUES  ('cmm_wid','cmm'),
            ('cmm_coc','cmm'),
            ('copycat','copycat'),
            ('phack_0','phack_0'),
            ('phack_1','phack_1'),
            ('deck_bud','deck_bud'),
            ('deck_crd_1','deck_crd_1'),
            ('deck_crd_2','deck_crd_2'),
            ('deck_jst','deck_jst'),
            ('deck_mm','deck_mm'),
            ('deck_uh9k','deck_uh9k'),
            ('brad','brad'),
            ('beac','beac'),
            ('digi_pet','pet_play'),
            ('digi_pet','pet_use'),
            ('nsg','nsg'),
            ('impl_clec','impl_clec'),
            ('impl_mags','impl_mags'),
            ('shim_0','shim_0'),
            ('shim_1','shim_1'),
            ('vigil','vigil');

####################################################################################################
###
###     SELF REPORT
###
####################################################################################################

INSERT INTO sr_roles
            (id, name, discovered, origin)
    VALUES  (1, 'Standard', 1, 1),
            (2, 'Advocate', 1, 0),
            (3, 'Anthrack', 1, 0),
            (4, 'Bastion', 1, 0),
            (5, 'Breacher', 1, 0),
            (6, 'Dissimulator', 1, 0),
            (7, 'Mastermind', 1, 0),
            (8, 'Polymath', 1, 0),
            (9, 'Revenant', 1, 0),
            (10, 'Scoundrel', 1, 0),
            (11, 'Slipstream', 1, 0),
            (12, 'Trauma Jack', 1, 0),
            (13, 'Warden', 1, 0),
            (14, 'Scavenger', 1, 1),
            (15, 'Centurion', 1, 0),
            (16, 'Crime Boss', 1, 0),
            (17, 'Investigator', 1, 0),
            (18, 'People&#39;s Champion', 1, 0),
            (19, 'Veteran', 1, 0),
            (20, 'Artificial Intelligence', 0, 1),
            (21, 'Barrower', 0, 0),
            (22, 'Brawler', 0, 0),
            (23, 'Courtesan', 0, 0),
            (24, 'CRD Spider', 0, 0),
            (25, 'Neon Prophet', 0, 0),
            (26, 'Officer', 0, 0),
            (27, 'Scalpel', 0, 0);

INSERT INTO sr_paths
            (id, role_id, name)
    VALUES  (1, 15, 'Shield'),
            (2, 15, 'Sword'),
            (3, 16, 'Kingpin'),
            (4, 16, 'Puppeteer'),
            (5, 17, 'Brutal'),
            (6, 17, 'Cunning'),
            (7, 18, 'Reclaimer'),
            (8, 18, 'Vanguard'),
            (9, 19, 'Seasoned Specialist'),
            (10, 19, 'Guardian Mentor'),
            (11, 20, 'Core'),
            (12, 20, 'Hive');

INSERT INTO sr_mods
            (id, name)
    VALUES  (1, 'Power'),
            (2, 'Targeted'),
            (3, 'Room'),
            (4, 'Ranged'),
            (5, 'Area');

INSERT INTO sr_sources
            (id, name)
    VALUES  (1, 'Social'),
            (2, 'Tech'),
            (3, 'Melee'),
            (4, 'Ranged');

INSERT INTO sr_keywords
            (id, name)
    VALUES  (1, 'All'),
            (2, 'Random'),
            (3, 'Social'),
            (4, 'Ranged'),
            (5, 'Tough'),
            (6, 'Nix'),
            (7, 'Dodge'),
            (8, 'Pain'),
            (9, 'Fear'),
            (10, 'Daze'),
            (11, 'Tech'),
            (12, 'Suit'),
            (13, 'Resist'),
            (14, 'Martial'),
            (15, '5s'),
            (16, 'Break'),
            (17, 'Knockback'),
            (18, 'Melee'),
            (19, 'Slip'),
            (20, 'Root'),
            (21, 'Disarm'),
            (22, 'Silence'),
            (23, 'Resist (Social)');

INSERT INTO sr_prof_cats
            (id, friendly_name)
    VALUES  (1, '[WEAP_PROFS]'),
            (2, '[CRAFT]'),
            (3, '[ARMOR_LIGHT-HEAVY]'),
            (4, '[WEAP_1H]'),
            (5, '[SHIELD_PROFS]');

INSERT INTO sr_proficiencies
            (id, name)
    VALUES  (1, 'One-Handed Melee'),
            (2, 'One-Handed Ranged'),
            (3, 'Two-Handed Melee'),
            (4, 'Two-Handed Ranged'),
            (5, 'Armor &amp; Weapons'),
            (6, 'Utility'),
            (7, 'Light'),
            (8, 'Heavy'),
            (9, 'Small'),
            (10, 'Large');

INSERT INTO sr_prof_choices
            (cat_id, prof_id)
    VALUES  (1, 1),
            (1, 2),
            (1, 3),
            (1, 4),
            (2, 5),
            (2, 6),
            (3, 7),
            (3, 8),
            (4, 1),
            (4, 2),
            (5, 9),
            (5, 10);

INSERT INTO sr_know_cats
            (id, friendly_name)
    VALUES  (1, '[KNOW_ALL]'),
            (2, '[KNOW_FACT]'),
            (3, '[KNOW_CORP]');

INSERT INTO sr_knowledges
            (id, name, is_corp, is_fact, discovered)
    VALUES  (1, 'Agriculture', 0, 0, 1),
            (2, 'Architecture', 0, 0, 1),
            (3, 'Electronics', 0, 0, 1),
            (4, 'Explosives &amp; Weapons', 0, 0, 1),
            (5, 'Hacking &amp; DigiSec', 0, 0, 1),
            (6, 'Medical', 0, 0, 1),
            (7, 'Law', 0, 0, 1),
            (8, 'Underworld', 0, 0, 1),
            (9, 'CLEC', 1, 0, 1),
            (10, 'Debutantalus', 1, 0, 1),
            (11, 'Fuji Krupp Dynamics', 1, 0, 1),
            (12, 'Kruger', 1, 0, 1),
            (13, 'LAVI', 1, 0, 1),
            (14, 'Muny', 1, 0, 1),
            (15, 'Ra Energy Unlimited', 1, 0, 1),
            (16, 'ReMed', 1, 0, 1),
            (17, 'Nutrigen International', 1, 0, 1),
            (18, 'Winton Firearms', 1, 0, 1),
            (19, 'Moggers', 0, 1, 1),
            (20, 'Golden Triangle', 0, 1, 1),
            (21, 'Hovercraft', 0, 0, 1),
            (22, 'Artificial Intelligence', 0, 0, 0),
            (23, 'Union', 0, 1, 0);

INSERT INTO sr_functions
            (id, name, keyworded, type)
    VALUES  (1, 'Resist', 1, 'charges'),
            (2, 'Strength', 0, 'ranked'),
            (3, 'Weapon Proficiency', 1, 'unique'),
            (4, 'Button Masher', 0, 'ranked'),
            (5, 'Connections', 1, 'charges'),
            (6, 'Contractor', 1, 'charges'),
            (7, 'First Aid', 0, 'ranked'),
            (8, 'Knowledge', 1, 'unique'),
            (9, 'Pick Locks', 0, 'ranked'),
            (10, 'Professional', 0, 'ranked'),
            (11, 'Repair', 0, 'ranked'),
            (12, 'Scout', 0, 'ranked'),
            (13, 'Supply Chain', 0, 'ranked'),
            (14, 'Advanced Shield Proficiency', 1, 'unique'),
            (15, 'Advanced Weapon Proficiency', 1, 'unique'),
            (16, 'Ammo Hound', 0, 'unique'),
            (17, 'Bind', 0, 'unique'),
            (18, 'Craft', 1, 'unique'),
            (19, 'Influential', 0, 'unique'),
            (20, 'Infohound', 0, 'unique'),
            (21, 'Performance', 0, 'unique'),
            (22, 'Project Consultant', 0, 'unique'),
            (23, 'Scavenge', 0, 'ranked'),
            (24, 'Under Pressure', 0, 'ranked'),
            (25, 'Advanced Armor Proficiency', 1, 'ranked'),
            (26, 'Escape Binds', 0, 'ranked'),
            (27, 'Explosives', 0, 'unique'),
            (28, 'Fix Limb', 0, 'ranked'),
            (29, 'Hacking', 0, 'ranked'),
            (30, 'Instructor', 0, 'unique'),
            (31, 'Reporter', 0, 'unique'),
            (32, 'Research', 0, 'ranked'),
            (33, 'Resilient', 0, 'ranked'),
            (34, 'Tight-Lipped', 0, 'unique'),
            (35, 'Nix', 1, 'charges'),
            (36, 'Outgoing', 0, 'ranked'),
            (37, 'Tough', 1, 'charges'),
            (38, 'Appeasement', 0, 'unique'),
            (39, 'Dig Dirt', 0, 'ranked'),
            (40, 'Embolden', 0, 'unique'),
            (41, 'Excuse Me!', 0, 'unique'),
            (42, 'Fear', 0, 'charges'),
            (43, 'Bestow', 1, 'charges'),
            (44, 'Closer', 1, 'charges'),
            (45, 'Counterargument', 0, 'charges'),
            (46, 'Etiquette', 0, 'unique'),
            (47, 'Hometown Hero', 0, 'charges'),
            (48, 'Know Everyone', 0, 'unique'),
            (49, 'Pep Talk', 0, 'unique'),
            (50, 'Refresh', 0, 'charges'),
            (51, 'Socialite', 0, 'unique'),
            (52, 'Root', 0, 'charges'),
            (53, 'Daze', 0, 'charges'),
            (54, 'Disguise', 0, 'unique'),
            (55, 'Dodge', 1, 'charges'),
            (56, 'Fortify', 0, 'ranked'),
            (57, 'Gossiper', 0, 'unique'),
            (58, 'Popular', 0, 'unique'),
            (59, 'Ace of All Trades', 0, 'unique'),
            (60, 'Rumormonger', 0, 'unique'),
            (61, 'Encourage', 0, 'charges'),
            (62, 'Know Somebody', 0, 'unique'),
            (63, 'Leadership', 0, 'unique'),
            (64, 'Energizing', 0, 'unique'),
            (65, 'Protector', 0, 'charges'),
            (66, 'Siphon Charge', 0, 'unique'),
            (67, 'Durable', 0, 'unique'),
            (68, 'Field Repair', 0, 'ranked'),
            (69, 'Sabotage', 0, 'unique'),
            (70, 'Armed To The Teeth', 0, 'unique'),
            (71, 'Dark Web Operator', 0, 'unique'),
            (72, 'Lock', 0, 'charges'),
            (73, 'Patroller', 0, 'ranked'),
            (74, 'Reassign', 0, 'unique'),
            (75, 'Expert Bodyguard', 0, 'unique'),
            (76, 'Meshhead', 0, 'unique'),
            (77, 'Suppressing Force', 0, 'unique'),
            (78, 'Pain', 0, 'charges'),
            (79, 'Sunder', 0, 'unique'),
            (80, 'Break', 0, 'charges'),
            (81, 'Disarm', 0, 'charges'),
            (82, 'Scary', 0, 'charges'),
            (83, 'Juggernaut', 1, 'charges'),
            (84, 'Juggernaut, Improved', 0, 'unique'),
            (85, 'Master of Pain', 0, 'unique'),
            (86, 'Alarm Sense', 0, 'unique'),
            (87, 'Silence', 0, 'charges'),
            (88, 'Backdoor', 0, 'ranked'),
            (89, 'Pick Pocket', 0, 'ranked'),
            (90, 'Ping', 0, 'charges'),
            (91, 'Plant Traps', 0, 'unique'),
            (92, 'Repeat', 0, 'ranked'),
            (93, 'Escape', 0, 'unique'),
            (94, 'Slippery Target', 0, 'unique'),
            (95, 'Wipe Your Tracks', 0, 'unique'),
            (96, 'Brick', 0, 'unique'),
            (97, 'Junkyard Jockey', 0, 'unique'),
            (98, 'Experimenter', 0, 'unique'),
            (99, 'Rigged', 0, 'unique'),
            (100, 'Root Exploit', 0, 'unique'),
            (101, 'Treacherous', 0, 'charges'),
            (102, 'Brand', 0, 'charges'),
            (103, 'Forgery', 0, 'ranked'),
            (104, 'Deceptive', 0, 'unique'),
            (105, 'Manipulative', 0, 'unique'),
            (106, 'Intimidate', 0, 'unique'),
            (107, 'Lambaste', 0, 'charges'),
            (108, 'Bully', 0, 'unique'),
            (109, 'Slander', 0, 'unique'),
            (110, 'Jury-Rigged', 0, 'unique'),
            (111, 'Cleanse', 0, 'charges'),
            (112, 'Dark Web Merchant', 0, 'unique'),
            (113, 'Know-It-All', 0, 'unique'),
            (114, 'Educator', 0, 'unique'),
            (115, 'Meticulous', 0, 'unique'),
            (116, 'Machine Whisperer', 0, 'unique'),
            (117, 'Project Manager', 0, 'unique'),
            (118, 'Surgery', 0, 'unique'),
            (119, 'Brute', 0, 'unique'),
            (120, 'Brutal', 0, 'charges'),
            (121, 'Ambusher', 0, 'unique'),
            (122, 'Muffle', 0, 'unique'),
            (123, 'Quell', 0, 'unique'),
            (124, 'Rage', 1, 'charges'),
            (125, 'Scramble', 0, 'charges'),
            (126, 'Rage, Improved', 0, 'unique'),
            (127, 'Terrifying', 0, 'unique'),
            (128, 'Shoot First', 0, 'unique'),
            (129, 'Sneak Attack', 0, 'unique'),
            (130, 'Witty Retort', 0, 'unique'),
            (131, 'Cutout', 0, 'unique'),
            (132, 'Deride', 0, 'unique'),
            (133, 'Bladeward', 0, 'unique'),
            (134, 'Knockback', 0, 'charges'),
            (135, 'Swashbuckler', 0, 'unique'),
            (136, 'Streamjack', 0, 'unique'),
            (137, 'Gosspier', 0, 'unique'),
            (138, 'Mask', 0, 'unique'),
            (139, 'Root Device', 0, 'unique'),
            (140, 'Medic', 0, 'unique'),
            (141, 'Field Triage', 0, 'ranked'),
            (142, 'Medical Stasis', 0, 'unique'),
            (143, 'Miracle Worker', 0, 'charges'),
            (144, 'Rapid Crafting', 0, 'unique'),
            (145, 'Interfere', 0, 'charges'),
            (146, 'Retaliate', 0, 'unique'),
            (147, 'Living Blockade', 0, 'unique'),
            (148, 'Immovable', 0, 'unique'),
            (149, 'Protective Ward', 0, 'unique'),
            (150, 'Protective Ward, Improved', 0, 'unique'),
            (151, '*', 0, 'unique'),
            (152, 'Unstoppable', 0, 'unique'),
            (153, 'Sneak', 0, 'charges'),
            (154, 'Quick Diversion', 0, 'unique'),
            (155, 'Slip', 0, 'charges'),
            (156, 'Inspire', 0, 'charges'),
            (157, 'Savage', 0, 'unique'),
            (158, 'Mettle', 0, 'unique'),
            (159, 'Invictus', 0, 'unique'),
            (160, 'Velvet Tag', 0, 'unique'),
            (161, 'Spy', 0, 'ranked'),
            (162, 'Red Herring', 0, 'unique'),
            (163, 'Silver Tongue', 0, 'unique'),
            (164, 'Digital Bloodhound', 0, 'unique'),
            (165, 'Market of Whispers', 0, 'unique'),
            (166, 'Thorough', 0, 'unique'),
            (167, 'Project Lead', 0, 'unique'),
            (168, 'Blackmail', 0, 'unique'),
            (169, 'Networking', 0, 'unique'),
            (170, 'Walk It Off', 0, 'charges'),
            (171, 'Breakout', 0, 'unique'),
            (172, 'Extraction Expert', 0, 'unique'),
            (173, 'Shield Proficiency', 1, 'unique'),
            (174, 'Stabilize', 0, 'unique'),
            (175, 'Combat Meshhead', 0, 'unique');

INSERT INTO sr_entries
            (id, role_id, path_id, tier, free)
    VALUES  (1, 1, NULL, 1, 1),
            (2, 1, NULL, 1, 1),
            (3, 1, NULL, 1, 1),
            (4, 1, NULL, 1, 0),
            (5, 1, NULL, 1, 0),
            (6, 1, NULL, 1, 0),
            (7, 1, NULL, 1, 0),
            (8, 1, NULL, 1, 0),
            (9, 1, NULL, 1, 0),
            (10, 1, NULL, 1, 0),
            (11, 1, NULL, 1, 0),
            (12, 1, NULL, 1, 0),
            (13, 1, NULL, 1, 0),
            (14, 1, NULL, 2, 0),
            (15, 1, NULL, 2, 0),
            (16, 1, NULL, 2, 0),
            (17, 1, NULL, 2, 0),
            (18, 1, NULL, 2, 0),
            (19, 1, NULL, 2, 0),
            (20, 1, NULL, 2, 0),
            (21, 1, NULL, 2, 0),
            (22, 1, NULL, 2, 0),
            (23, 1, NULL, 2, 0),
            (24, 1, NULL, 2, 0),
            (25, 1, NULL, 2, 0),
            (26, 1, NULL, 2, 0),
            (27, 1, NULL, 3, 0),
            (28, 1, NULL, 3, 0),
            (29, 1, NULL, 3, 0),
            (30, 1, NULL, 3, 0),
            (31, 1, NULL, 3, 0),
            (32, 1, NULL, 3, 0),
            (33, 1, NULL, 3, 0),
            (34, 1, NULL, 3, 0),
            (35, 1, NULL, 3, 0),
            (36, 1, NULL, 3, 0),
            (37, 1, NULL, 3, 0),
            (38, 1, NULL, 3, 0),
            (39, 1, NULL, 3, 0),
            (40, 2, NULL, 1, 0),
            (41, 2, NULL, 1, 0),
            (42, 2, NULL, 1, 0),
            (43, 2, NULL, 1, 0),
            (44, 2, NULL, 1, 0),
            (45, 2, NULL, 1, 0),
            (46, 2, NULL, 1, 0),
            (47, 2, NULL, 1, 0),
            (48, 2, NULL, 1, 0),
            (49, 2, NULL, 2, 0),
            (50, 2, NULL, 2, 0),
            (51, 2, NULL, 2, 0),
            (52, 2, NULL, 2, 0),
            (53, 2, NULL, 2, 0),
            (54, 2, NULL, 2, 0),
            (55, 2, NULL, 2, 0),
            (56, 2, NULL, 2, 0),
            (57, 2, NULL, 2, 0),
            (58, 2, NULL, 3, 0),
            (59, 2, NULL, 3, 0),
            (60, 2, NULL, 3, 0),
            (61, 2, NULL, 3, 0),
            (62, 2, NULL, 3, 0),
            (63, 2, NULL, 3, 0),
            (64, 2, NULL, 3, 0),
            (65, 2, NULL, 3, 0),
            (66, 2, NULL, 4, 0),
            (67, 2, NULL, 4, 0),
            (68, 2, NULL, 4, 0),
            (69, 2, NULL, 4, 0),
            (70, 2, NULL, 4, 0),
            (71, 2, NULL, 4, 0),
            (72, 2, NULL, 5, 0),
            (73, 2, NULL, 5, 0),
            (74, 2, NULL, 5, 0),
            (75, 2, NULL, 5, 0),
            (76, 2, NULL, 5, 0),
            (77, 2, NULL, 5, 0),
            (78, 3, NULL, 1, 0),
            (79, 3, NULL, 1, 0),
            (80, 3, NULL, 1, 0),
            (81, 3, NULL, 1, 0),
            (82, 3, NULL, 1, 0),
            (83, 3, NULL, 1, 0),
            (84, 3, NULL, 1, 0),
            (85, 3, NULL, 1, 0),
            (86, 3, NULL, 1, 0),
            (87, 3, NULL, 2, 0),
            (88, 3, NULL, 2, 0),
            (89, 3, NULL, 2, 0),
            (90, 3, NULL, 2, 0),
            (91, 3, NULL, 2, 0),
            (92, 3, NULL, 2, 0),
            (93, 3, NULL, 2, 0),
            (94, 3, NULL, 2, 0),
            (95, 3, NULL, 2, 0),
            (96, 3, NULL, 3, 0),
            (97, 3, NULL, 3, 0),
            (98, 3, NULL, 3, 0),
            (99, 3, NULL, 3, 0),
            (100, 3, NULL, 3, 0),
            (101, 3, NULL, 3, 0),
            (102, 3, NULL, 3, 0),
            (103, 3, NULL, 3, 0),
            (104, 3, NULL, 4, 0),
            (105, 3, NULL, 4, 0),
            (106, 3, NULL, 4, 0),
            (107, 3, NULL, 4, 0),
            (108, 3, NULL, 4, 0),
            (109, 3, NULL, 4, 0),
            (110, 3, NULL, 5, 0),
            (111, 3, NULL, 5, 0),
            (112, 3, NULL, 5, 0),
            (113, 3, NULL, 5, 0),
            (114, 3, NULL, 5, 0),
            (115, 3, NULL, 5, 0),
            (116, 4, NULL, 1, 0),
            (117, 4, NULL, 1, 0),
            (118, 4, NULL, 1, 0),
            (119, 4, NULL, 1, 0),
            (120, 4, NULL, 1, 0),
            (121, 4, NULL, 1, 0),
            (122, 4, NULL, 1, 0),
            (123, 4, NULL, 1, 0),
            (124, 4, NULL, 1, 0),
            (125, 4, NULL, 2, 0),
            (126, 4, NULL, 2, 0),
            (127, 4, NULL, 2, 0),
            (128, 4, NULL, 2, 0),
            (129, 4, NULL, 2, 0),
            (130, 4, NULL, 2, 0),
            (131, 4, NULL, 2, 0),
            (132, 4, NULL, 2, 0),
            (133, 4, NULL, 2, 0),
            (134, 4, NULL, 3, 0),
            (135, 4, NULL, 3, 0),
            (136, 4, NULL, 3, 0),
            (137, 4, NULL, 3, 0),
            (138, 4, NULL, 3, 0),
            (139, 4, NULL, 3, 0),
            (140, 4, NULL, 3, 0),
            (141, 4, NULL, 3, 0),
            (142, 4, NULL, 4, 0),
            (143, 4, NULL, 4, 0),
            (144, 4, NULL, 4, 0),
            (145, 4, NULL, 4, 0),
            (146, 4, NULL, 4, 0),
            (147, 4, NULL, 4, 0),
            (148, 4, NULL, 5, 0),
            (149, 4, NULL, 5, 0),
            (150, 4, NULL, 5, 0),
            (151, 4, NULL, 5, 0),
            (152, 4, NULL, 5, 0),
            (153, 4, NULL, 5, 0),
            (154, 5, NULL, 1, 0),
            (155, 5, NULL, 1, 0),
            (156, 5, NULL, 1, 0),
            (157, 5, NULL, 1, 0),
            (158, 5, NULL, 1, 0),
            (159, 5, NULL, 1, 0),
            (160, 5, NULL, 1, 0),
            (161, 5, NULL, 1, 0),
            (162, 5, NULL, 1, 0),
            (163, 5, NULL, 2, 0),
            (164, 5, NULL, 2, 0),
            (165, 5, NULL, 2, 0),
            (166, 5, NULL, 2, 0),
            (167, 5, NULL, 2, 0),
            (168, 5, NULL, 2, 0),
            (169, 5, NULL, 2, 0),
            (170, 5, NULL, 2, 0),
            (171, 5, NULL, 2, 0),
            (172, 5, NULL, 3, 0),
            (173, 5, NULL, 3, 0),
            (174, 5, NULL, 3, 0),
            (175, 5, NULL, 3, 0),
            (176, 5, NULL, 3, 0),
            (177, 5, NULL, 3, 0),
            (178, 5, NULL, 3, 0),
            (179, 5, NULL, 3, 0),
            (180, 5, NULL, 4, 0),
            (181, 5, NULL, 4, 0),
            (182, 5, NULL, 4, 0),
            (183, 5, NULL, 4, 0),
            (184, 5, NULL, 4, 0),
            (185, 5, NULL, 4, 0),
            (186, 5, NULL, 5, 0),
            (187, 5, NULL, 5, 0),
            (188, 5, NULL, 5, 0),
            (189, 5, NULL, 5, 0),
            (190, 5, NULL, 5, 0),
            (191, 5, NULL, 5, 0),
            (192, 6, NULL, 1, 0),
            (193, 6, NULL, 1, 0),
            (194, 6, NULL, 1, 0),
            (195, 6, NULL, 1, 0),
            (196, 6, NULL, 1, 0),
            (197, 6, NULL, 1, 0),
            (198, 6, NULL, 1, 0),
            (199, 6, NULL, 1, 0),
            (200, 6, NULL, 1, 0),
            (201, 6, NULL, 2, 0),
            (202, 6, NULL, 2, 0),
            (203, 6, NULL, 2, 0),
            (204, 6, NULL, 2, 0),
            (205, 6, NULL, 2, 0),
            (206, 6, NULL, 2, 0),
            (207, 6, NULL, 2, 0),
            (208, 6, NULL, 2, 0),
            (209, 6, NULL, 2, 0),
            (210, 6, NULL, 3, 0),
            (211, 6, NULL, 3, 0),
            (212, 6, NULL, 3, 0),
            (213, 6, NULL, 3, 0),
            (214, 6, NULL, 3, 0),
            (215, 6, NULL, 3, 0),
            (216, 6, NULL, 3, 0),
            (217, 6, NULL, 3, 0),
            (218, 6, NULL, 4, 0),
            (219, 6, NULL, 4, 0),
            (220, 6, NULL, 4, 0),
            (221, 6, NULL, 4, 0),
            (222, 6, NULL, 4, 0),
            (223, 6, NULL, 4, 0),
            (224, 6, NULL, 5, 0),
            (225, 6, NULL, 5, 0),
            (226, 6, NULL, 5, 0),
            (227, 6, NULL, 5, 0),
            (228, 6, NULL, 5, 0),
            (229, 6, NULL, 5, 0),
            (230, 7, NULL, 1, 0),
            (231, 7, NULL, 1, 0),
            (232, 7, NULL, 1, 0),
            (233, 7, NULL, 1, 0),
            (234, 7, NULL, 1, 0),
            (235, 7, NULL, 1, 0),
            (236, 7, NULL, 1, 0),
            (237, 7, NULL, 1, 0),
            (238, 7, NULL, 1, 0),
            (239, 7, NULL, 2, 0),
            (240, 7, NULL, 2, 0),
            (241, 7, NULL, 2, 0),
            (242, 7, NULL, 2, 0),
            (243, 7, NULL, 2, 0),
            (244, 7, NULL, 2, 0),
            (245, 7, NULL, 2, 0),
            (246, 7, NULL, 2, 0),
            (247, 7, NULL, 2, 0),
            (248, 7, NULL, 3, 0),
            (249, 7, NULL, 3, 0),
            (250, 7, NULL, 3, 0),
            (251, 7, NULL, 3, 0),
            (252, 7, NULL, 3, 0),
            (253, 7, NULL, 3, 0),
            (254, 7, NULL, 3, 0),
            (255, 7, NULL, 3, 0),
            (256, 7, NULL, 4, 0),
            (257, 7, NULL, 4, 0),
            (258, 7, NULL, 4, 0),
            (259, 7, NULL, 4, 0),
            (260, 7, NULL, 4, 0),
            (261, 7, NULL, 4, 0),
            (262, 7, NULL, 5, 0),
            (263, 7, NULL, 5, 0),
            (264, 7, NULL, 5, 0),
            (265, 7, NULL, 5, 0),
            (266, 7, NULL, 5, 0),
            (267, 7, NULL, 5, 0),
            (268, 8, NULL, 1, 0),
            (269, 8, NULL, 1, 0),
            (270, 8, NULL, 1, 0),
            (271, 8, NULL, 1, 0),
            (272, 8, NULL, 1, 0),
            (273, 8, NULL, 1, 0),
            (274, 8, NULL, 1, 0),
            (275, 8, NULL, 1, 0),
            (276, 8, NULL, 1, 0),
            (277, 8, NULL, 2, 0),
            (278, 8, NULL, 2, 0),
            (279, 8, NULL, 2, 0),
            (280, 8, NULL, 2, 0),
            (281, 8, NULL, 2, 0),
            (282, 8, NULL, 2, 0),
            (283, 8, NULL, 2, 0),
            (284, 8, NULL, 2, 0),
            (285, 8, NULL, 2, 0),
            (286, 8, NULL, 3, 0),
            (287, 8, NULL, 3, 0),
            (288, 8, NULL, 3, 0),
            (289, 8, NULL, 3, 0),
            (290, 8, NULL, 3, 0),
            (291, 8, NULL, 3, 0),
            (292, 8, NULL, 3, 0),
            (293, 8, NULL, 3, 0),
            (294, 8, NULL, 4, 0),
            (295, 8, NULL, 4, 0),
            (296, 8, NULL, 4, 0),
            (297, 8, NULL, 4, 0),
            (298, 8, NULL, 4, 0),
            (299, 8, NULL, 4, 0),
            (300, 8, NULL, 5, 0),
            (301, 8, NULL, 5, 0),
            (302, 8, NULL, 5, 0),
            (303, 8, NULL, 5, 0),
            (304, 8, NULL, 5, 0),
            (305, 8, NULL, 5, 0),
            (306, 9, NULL, 1, 0),
            (307, 9, NULL, 1, 0),
            (308, 9, NULL, 1, 0),
            (309, 9, NULL, 1, 0),
            (310, 9, NULL, 1, 0),
            (311, 9, NULL, 1, 0),
            (312, 9, NULL, 1, 0),
            (313, 9, NULL, 1, 0),
            (314, 9, NULL, 1, 0),
            (315, 9, NULL, 2, 0),
            (316, 9, NULL, 2, 0),
            (317, 9, NULL, 2, 0),
            (318, 9, NULL, 2, 0),
            (319, 9, NULL, 2, 0),
            (320, 9, NULL, 2, 0),
            (321, 9, NULL, 2, 0),
            (322, 9, NULL, 2, 0),
            (323, 9, NULL, 2, 0),
            (324, 9, NULL, 3, 0),
            (325, 9, NULL, 3, 0),
            (326, 9, NULL, 3, 0),
            (327, 9, NULL, 3, 0),
            (328, 9, NULL, 3, 0),
            (329, 9, NULL, 3, 0),
            (330, 9, NULL, 3, 0),
            (331, 9, NULL, 3, 0),
            (332, 9, NULL, 4, 0),
            (333, 9, NULL, 4, 0),
            (334, 9, NULL, 4, 0),
            (335, 9, NULL, 4, 0),
            (336, 9, NULL, 4, 0),
            (337, 9, NULL, 4, 0),
            (338, 9, NULL, 5, 0),
            (339, 9, NULL, 5, 0),
            (340, 9, NULL, 5, 0),
            (341, 9, NULL, 5, 0),
            (342, 9, NULL, 5, 0),
            (343, 9, NULL, 5, 0),
            (344, 10, NULL, 1, 0),
            (345, 10, NULL, 1, 0),
            (346, 10, NULL, 1, 0),
            (347, 10, NULL, 1, 0),
            (348, 10, NULL, 1, 0),
            (349, 10, NULL, 1, 0),
            (350, 10, NULL, 1, 0),
            (351, 10, NULL, 1, 0),
            (352, 10, NULL, 1, 0),
            (353, 10, NULL, 1, 0),
            (354, 10, NULL, 2, 0),
            (355, 10, NULL, 2, 0),
            (356, 10, NULL, 2, 0),
            (357, 10, NULL, 2, 0),
            (358, 10, NULL, 2, 0),
            (359, 10, NULL, 2, 0),
            (360, 10, NULL, 2, 0),
            (361, 10, NULL, 2, 0),
            (362, 10, NULL, 2, 0),
            (363, 10, NULL, 2, 0),
            (364, 10, NULL, 3, 0),
            (365, 10, NULL, 3, 0),
            (366, 10, NULL, 3, 0),
            (367, 10, NULL, 3, 0),
            (368, 10, NULL, 3, 0),
            (369, 10, NULL, 3, 0),
            (370, 10, NULL, 3, 0),
            (371, 10, NULL, 3, 0),
            (372, 10, NULL, 3, 0),
            (373, 10, NULL, 4, 0),
            (374, 10, NULL, 4, 0),
            (375, 10, NULL, 4, 0),
            (376, 10, NULL, 4, 0),
            (377, 10, NULL, 4, 0),
            (378, 10, NULL, 4, 0),
            (379, 10, NULL, 5, 0),
            (380, 10, NULL, 5, 0),
            (381, 10, NULL, 5, 0),
            (382, 10, NULL, 5, 0),
            (383, 10, NULL, 5, 0),
            (384, 11, NULL, 1, 0),
            (385, 11, NULL, 1, 0),
            (386, 11, NULL, 1, 0),
            (387, 11, NULL, 1, 0),
            (388, 11, NULL, 1, 0),
            (389, 11, NULL, 1, 0),
            (390, 11, NULL, 1, 0),
            (391, 11, NULL, 1, 0),
            (392, 11, NULL, 1, 0),
            (393, 11, NULL, 2, 0),
            (394, 11, NULL, 2, 0),
            (395, 11, NULL, 2, 0),
            (396, 11, NULL, 2, 0),
            (397, 11, NULL, 2, 0),
            (398, 11, NULL, 2, 0),
            (399, 11, NULL, 2, 0),
            (400, 11, NULL, 2, 0),
            (401, 11, NULL, 2, 0),
            (402, 11, NULL, 3, 0),
            (403, 11, NULL, 3, 0),
            (404, 11, NULL, 3, 0),
            (405, 11, NULL, 3, 0),
            (406, 11, NULL, 3, 0),
            (407, 11, NULL, 3, 0),
            (408, 11, NULL, 3, 0),
            (409, 11, NULL, 3, 0),
            (410, 11, NULL, 4, 0),
            (411, 11, NULL, 4, 0),
            (412, 11, NULL, 4, 0),
            (413, 11, NULL, 4, 0),
            (414, 11, NULL, 4, 0),
            (415, 11, NULL, 4, 0),
            (416, 11, NULL, 5, 0),
            (417, 11, NULL, 5, 0),
            (418, 11, NULL, 5, 0),
            (419, 11, NULL, 5, 0),
            (420, 11, NULL, 5, 0),
            (421, 11, NULL, 5, 0),
            (422, 12, NULL, 1, 0),
            (423, 12, NULL, 1, 0),
            (424, 12, NULL, 1, 0),
            (425, 12, NULL, 1, 0),
            (426, 12, NULL, 1, 0),
            (427, 12, NULL, 1, 0),
            (428, 12, NULL, 1, 0),
            (429, 12, NULL, 1, 0),
            (430, 12, NULL, 1, 0),
            (431, 12, NULL, 2, 0),
            (432, 12, NULL, 2, 0),
            (433, 12, NULL, 2, 0),
            (434, 12, NULL, 2, 0),
            (435, 12, NULL, 2, 0),
            (436, 12, NULL, 2, 0),
            (437, 12, NULL, 2, 0),
            (438, 12, NULL, 2, 0),
            (439, 12, NULL, 2, 0),
            (440, 12, NULL, 3, 0),
            (441, 12, NULL, 3, 0),
            (442, 12, NULL, 3, 0),
            (443, 12, NULL, 3, 0),
            (444, 12, NULL, 3, 0),
            (445, 12, NULL, 3, 0),
            (446, 12, NULL, 3, 0),
            (447, 12, NULL, 3, 0),
            (448, 12, NULL, 4, 0),
            (449, 12, NULL, 4, 0),
            (450, 12, NULL, 4, 0),
            (451, 12, NULL, 4, 0),
            (452, 12, NULL, 4, 0),
            (453, 12, NULL, 4, 0),
            (454, 12, NULL, 5, 0),
            (455, 12, NULL, 5, 0),
            (456, 12, NULL, 5, 0),
            (457, 12, NULL, 5, 0),
            (458, 12, NULL, 5, 0),
            (459, 12, NULL, 5, 0),
            (460, 13, NULL, 1, 0),
            (461, 13, NULL, 1, 0),
            (462, 13, NULL, 1, 0),
            (463, 13, NULL, 1, 0),
            (464, 13, NULL, 1, 0),
            (465, 13, NULL, 1, 0),
            (466, 13, NULL, 1, 0),
            (467, 13, NULL, 1, 0),
            (468, 13, NULL, 1, 0),
            (469, 13, NULL, 2, 0),
            (470, 13, NULL, 2, 0),
            (471, 13, NULL, 2, 0),
            (472, 13, NULL, 2, 0),
            (473, 13, NULL, 2, 0),
            (474, 13, NULL, 2, 0),
            (475, 13, NULL, 2, 0),
            (476, 13, NULL, 2, 0),
            (477, 13, NULL, 2, 0),
            (478, 13, NULL, 3, 0),
            (479, 13, NULL, 3, 0),
            (480, 13, NULL, 3, 0),
            (481, 13, NULL, 3, 0),
            (482, 13, NULL, 3, 0),
            (483, 13, NULL, 3, 0),
            (484, 13, NULL, 3, 0),
            (485, 13, NULL, 3, 0),
            (486, 13, NULL, 4, 0),
            (487, 13, NULL, 4, 0),
            (488, 13, NULL, 4, 0),
            (489, 13, NULL, 4, 0),
            (490, 13, NULL, 4, 0),
            (491, 13, NULL, 4, 0),
            (492, 13, NULL, 5, 0),
            (493, 13, NULL, 5, 0),
            (494, 13, NULL, 5, 0),
            (495, 13, NULL, 5, 0),
            (496, 13, NULL, 5, 0),
            (497, 13, NULL, 5, 0),
            (498, 14, NULL, 1, 1),
            (499, 14, NULL, 1, 1),
            (500, 14, NULL, 1, 1),
            (501, 14, NULL, 1, 0),
            (502, 14, NULL, 1, 0),
            (503, 14, NULL, 1, 0),
            (504, 14, NULL, 1, 0),
            (505, 14, NULL, 1, 0),
            (506, 14, NULL, 1, 0),
            (507, 14, NULL, 1, 0),
            (508, 14, NULL, 1, 0),
            (509, 14, NULL, 1, 0),
            (510, 14, NULL, 2, 0),
            (511, 14, NULL, 2, 0),
            (512, 14, NULL, 2, 0),
            (513, 14, NULL, 2, 0),
            (514, 14, NULL, 2, 0),
            (515, 14, NULL, 2, 0),
            (516, 14, NULL, 2, 0),
            (517, 14, NULL, 2, 0),
            (518, 14, NULL, 2, 0),
            (519, 14, NULL, 2, 0),
            (520, 14, NULL, 2, 0),
            (521, 14, NULL, 2, 0),
            (522, 14, NULL, 3, 0),
            (523, 14, NULL, 3, 0),
            (524, 14, NULL, 3, 0),
            (525, 14, NULL, 3, 0),
            (526, 14, NULL, 3, 0),
            (527, 14, NULL, 3, 0),
            (528, 14, NULL, 3, 0),
            (529, 14, NULL, 3, 0),
            (530, 14, NULL, 3, 0),
            (531, 14, NULL, 3, 0),
            (532, 14, NULL, 3, 0),
            (533, 14, NULL, 3, 0),
            (534, 15, 1, 1, 0),
            (535, 15, 1, 2, 0),
            (536, 15, 1, 3, 0),
            (537, 15, 2, 1, 0),
            (538, 15, 2, 2, 0),
            (539, 15, 2, 3, 0),
            (540, 16, 3, 1, 0),
            (541, 16, 3, 2, 0),
            (542, 16, 3, 3, 0),
            (543, 16, 4, 1, 0),
            (544, 16, 4, 2, 0),
            (545, 16, 4, 3, 0),
            (546, 17, 5, 1, 0),
            (547, 17, 5, 2, 0),
            (548, 17, 5, 3, 0),
            (549, 17, 6, 1, 0),
            (550, 17, 6, 2, 0),
            (551, 17, 6, 3, 0),
            (552, 18, 7, 1, 0),
            (553, 18, 7, 2, 0),
            (554, 18, 7, 3, 0),
            (555, 18, 8, 1, 0),
            (556, 18, 8, 2, 0),
            (557, 18, 8, 3, 0),
            (558, 19, 9, 1, 0),
            (559, 19, 9, 2, 0),
            (560, 19, 9, 3, 0),
            (561, 19, 10, 1, 0),
            (562, 19, 10, 2, 0),
            (563, 19, 10, 3, 0),
            (564, 20, NULL, 1, 1),
            (565, 20, NULL, 1, 1),
            (566, 20, NULL, 1, 1),
            (567, 20, 11, 1, 0),
            (568, 20, 11, 1, 0),
            (569, 20, 11, 2, 0),
            (570, 20, 11, 2, 0),
            (571, 20, 12, 1, 0),
            (572, 20, 12, 1, 0),
            (573, 20, 12, 2, 0),
            (574, 20, 12, 2, 0),
            (575, 21, NULL, 1, 0),
            (576, 21, NULL, 1, 0),
            (577, 21, NULL, 1, 0),
            (578, 21, NULL, 1, 0),
            (579, 21, NULL, 1, 0),
            (580, 21, NULL, 1, 0),
            (581, 21, NULL, 1, 0),
            (582, 21, NULL, 1, 0),
            (583, 21, NULL, 1, 0),
            (584, 21, NULL, 2, 0),
            (585, 21, NULL, 2, 0),
            (586, 21, NULL, 2, 0),
            (587, 21, NULL, 2, 0),
            (588, 21, NULL, 2, 0),
            (589, 21, NULL, 2, 0),
            (590, 21, NULL, 2, 0),
            (591, 21, NULL, 2, 0),
            (592, 21, NULL, 2, 0),
            (593, 21, NULL, 3, 0),
            (594, 21, NULL, 3, 0),
            (595, 21, NULL, 3, 0),
            (596, 21, NULL, 3, 0),
            (597, 21, NULL, 3, 0),
            (598, 21, NULL, 3, 0),
            (599, 21, NULL, 3, 0),
            (600, 21, NULL, 3, 0),
            (601, 21, NULL, 4, 0),
            (602, 21, NULL, 4, 0),
            (603, 21, NULL, 4, 0),
            (604, 21, NULL, 4, 0),
            (605, 21, NULL, 4, 0),
            (606, 21, NULL, 4, 0),
            (607, 21, NULL, 5, 0),
            (608, 21, NULL, 5, 0),
            (609, 21, NULL, 5, 0),
            (610, 21, NULL, 5, 0),
            (611, 21, NULL, 5, 0),
            (612, 21, NULL, 5, 0),
            (613, 22, NULL, 1, 0),
            (614, 22, NULL, 1, 0),
            (615, 22, NULL, 1, 0),
            (616, 22, NULL, 1, 0),
            (617, 22, NULL, 1, 0),
            (618, 22, NULL, 1, 0),
            (619, 22, NULL, 1, 0),
            (620, 22, NULL, 1, 0),
            (621, 22, NULL, 1, 0),
            (622, 22, NULL, 2, 0),
            (623, 22, NULL, 2, 0),
            (624, 22, NULL, 2, 0),
            (625, 22, NULL, 2, 0),
            (626, 22, NULL, 2, 0),
            (627, 22, NULL, 2, 0),
            (628, 22, NULL, 2, 0),
            (629, 22, NULL, 2, 0),
            (630, 22, NULL, 2, 0),
            (631, 22, NULL, 3, 0),
            (632, 22, NULL, 3, 0),
            (633, 22, NULL, 3, 0),
            (634, 22, NULL, 3, 0),
            (635, 22, NULL, 3, 0),
            (636, 22, NULL, 3, 0),
            (637, 22, NULL, 3, 0),
            (638, 22, NULL, 3, 0),
            (639, 22, NULL, 4, 0),
            (640, 22, NULL, 4, 0),
            (641, 22, NULL, 4, 0),
            (642, 22, NULL, 4, 0),
            (643, 22, NULL, 4, 0),
            (644, 22, NULL, 4, 0),
            (645, 22, NULL, 5, 0),
            (646, 22, NULL, 5, 0),
            (647, 22, NULL, 5, 0),
            (648, 22, NULL, 5, 0),
            (649, 22, NULL, 5, 0),
            (650, 22, NULL, 5, 0),
            (651, 23, NULL, 1, 0),
            (652, 23, NULL, 1, 0),
            (653, 23, NULL, 1, 0),
            (654, 23, NULL, 1, 0),
            (655, 23, NULL, 1, 0),
            (656, 23, NULL, 1, 0),
            (657, 23, NULL, 1, 0),
            (658, 23, NULL, 1, 0),
            (659, 23, NULL, 1, 0),
            (660, 23, NULL, 2, 0),
            (661, 23, NULL, 2, 0),
            (662, 23, NULL, 2, 0),
            (663, 23, NULL, 2, 0),
            (664, 23, NULL, 2, 0),
            (665, 23, NULL, 2, 0),
            (666, 23, NULL, 2, 0),
            (667, 23, NULL, 2, 0),
            (668, 23, NULL, 2, 0),
            (669, 23, NULL, 3, 0),
            (670, 23, NULL, 3, 0),
            (671, 23, NULL, 3, 0),
            (672, 23, NULL, 3, 0),
            (673, 23, NULL, 3, 0),
            (674, 23, NULL, 3, 0),
            (675, 23, NULL, 3, 0),
            (676, 23, NULL, 3, 0),
            (677, 23, NULL, 4, 0),
            (678, 23, NULL, 4, 0),
            (679, 23, NULL, 4, 0),
            (680, 23, NULL, 4, 0),
            (681, 23, NULL, 4, 0),
            (682, 23, NULL, 4, 0),
            (683, 23, NULL, 5, 0),
            (684, 23, NULL, 5, 0),
            (685, 23, NULL, 5, 0),
            (686, 23, NULL, 5, 0),
            (687, 23, NULL, 5, 0),
            (688, 23, NULL, 5, 0),
            (689, 24, NULL, 1, 0),
            (690, 24, NULL, 1, 0),
            (691, 24, NULL, 1, 0),
            (692, 24, NULL, 1, 0),
            (693, 24, NULL, 1, 0),
            (694, 24, NULL, 1, 0),
            (695, 24, NULL, 1, 0),
            (696, 24, NULL, 1, 0),
            (697, 24, NULL, 1, 0),
            (698, 24, NULL, 2, 0),
            (699, 24, NULL, 2, 0),
            (700, 24, NULL, 2, 0),
            (701, 24, NULL, 2, 0),
            (702, 24, NULL, 2, 0),
            (703, 24, NULL, 2, 0),
            (704, 24, NULL, 2, 0),
            (705, 24, NULL, 2, 0),
            (706, 24, NULL, 2, 0),
            (707, 24, NULL, 3, 0),
            (708, 24, NULL, 3, 0),
            (709, 24, NULL, 3, 0),
            (710, 24, NULL, 3, 0),
            (711, 24, NULL, 3, 0),
            (712, 24, NULL, 3, 0),
            (713, 24, NULL, 3, 0),
            (714, 24, NULL, 3, 0),
            (715, 24, NULL, 4, 0),
            (716, 24, NULL, 4, 0),
            (717, 24, NULL, 4, 0),
            (718, 24, NULL, 4, 0),
            (719, 24, NULL, 4, 0),
            (720, 24, NULL, 4, 0),
            (721, 24, NULL, 5, 0),
            (722, 24, NULL, 5, 0),
            (723, 24, NULL, 5, 0),
            (724, 24, NULL, 5, 0),
            (725, 24, NULL, 5, 0),
            (726, 24, NULL, 5, 0),
            (727, 25, NULL, 1, 0),
            (728, 25, NULL, 1, 0),
            (729, 25, NULL, 1, 0),
            (730, 25, NULL, 1, 0),
            (731, 25, NULL, 1, 0),
            (732, 25, NULL, 1, 0),
            (733, 25, NULL, 1, 0),
            (734, 25, NULL, 1, 0),
            (735, 25, NULL, 1, 0),
            (736, 25, NULL, 1, 0),
            (737, 25, NULL, 2, 0),
            (738, 25, NULL, 2, 0),
            (739, 25, NULL, 2, 0),
            (740, 25, NULL, 2, 0),
            (741, 25, NULL, 2, 0),
            (742, 25, NULL, 2, 0),
            (743, 25, NULL, 2, 0),
            (744, 25, NULL, 2, 0),
            (745, 25, NULL, 2, 0),
            (746, 25, NULL, 2, 0),
            (747, 25, NULL, 3, 0),
            (748, 25, NULL, 3, 0),
            (749, 25, NULL, 3, 0),
            (750, 25, NULL, 3, 0),
            (751, 25, NULL, 3, 0),
            (752, 25, NULL, 3, 0),
            (753, 25, NULL, 3, 0),
            (754, 25, NULL, 3, 0),
            (755, 25, NULL, 3, 0),
            (756, 25, NULL, 4, 0),
            (757, 25, NULL, 4, 0),
            (758, 25, NULL, 4, 0),
            (759, 25, NULL, 4, 0),
            (760, 25, NULL, 4, 0),
            (761, 25, NULL, 4, 0),
            (762, 25, NULL, 5, 0),
            (763, 25, NULL, 5, 0),
            (764, 25, NULL, 5, 0),
            (765, 25, NULL, 5, 0),
            (766, 25, NULL, 5, 0),
            (767, 26, NULL, 1, 0),
            (768, 26, NULL, 1, 0),
            (769, 26, NULL, 1, 0),
            (770, 26, NULL, 1, 0),
            (771, 26, NULL, 1, 0),
            (772, 26, NULL, 1, 0),
            (773, 26, NULL, 1, 0),
            (774, 26, NULL, 1, 0),
            (775, 26, NULL, 1, 0),
            (776, 26, NULL, 2, 0),
            (777, 26, NULL, 2, 0),
            (778, 26, NULL, 2, 0),
            (779, 26, NULL, 2, 0),
            (780, 26, NULL, 2, 0),
            (781, 26, NULL, 2, 0),
            (782, 26, NULL, 2, 0),
            (783, 26, NULL, 2, 0),
            (784, 26, NULL, 2, 0),
            (785, 26, NULL, 3, 0),
            (786, 26, NULL, 3, 0),
            (787, 26, NULL, 3, 0),
            (788, 26, NULL, 3, 0),
            (789, 26, NULL, 3, 0),
            (790, 26, NULL, 3, 0),
            (791, 26, NULL, 3, 0),
            (792, 26, NULL, 3, 0),
            (793, 26, NULL, 4, 0),
            (794, 26, NULL, 4, 0),
            (795, 26, NULL, 4, 0),
            (796, 26, NULL, 4, 0),
            (797, 26, NULL, 4, 0),
            (798, 26, NULL, 4, 0),
            (799, 26, NULL, 5, 0),
            (800, 26, NULL, 5, 0),
            (801, 26, NULL, 5, 0),
            (802, 26, NULL, 5, 0),
            (803, 26, NULL, 5, 0),
            (804, 26, NULL, 5, 0),
            (805, 27, NULL, 1, 0),
            (806, 27, NULL, 1, 0),
            (807, 27, NULL, 1, 0),
            (808, 27, NULL, 1, 0),
            (809, 27, NULL, 1, 0),
            (810, 27, NULL, 1, 0),
            (811, 27, NULL, 1, 0),
            (812, 27, NULL, 1, 0),
            (813, 27, NULL, 1, 0),
            (814, 27, NULL, 2, 0),
            (815, 27, NULL, 2, 0),
            (816, 27, NULL, 2, 0),
            (817, 27, NULL, 2, 0),
            (818, 27, NULL, 2, 0),
            (819, 27, NULL, 2, 0),
            (820, 27, NULL, 2, 0),
            (821, 27, NULL, 2, 0),
            (822, 27, NULL, 2, 0),
            (823, 27, NULL, 3, 0),
            (824, 27, NULL, 3, 0),
            (825, 27, NULL, 3, 0),
            (826, 27, NULL, 3, 0),
            (827, 27, NULL, 3, 0),
            (828, 27, NULL, 3, 0),
            (829, 27, NULL, 3, 0),
            (830, 27, NULL, 3, 0),
            (831, 27, NULL, 4, 0),
            (832, 27, NULL, 4, 0),
            (833, 27, NULL, 4, 0),
            (834, 27, NULL, 4, 0),
            (835, 27, NULL, 4, 0),
            (836, 27, NULL, 4, 0),
            (837, 27, NULL, 5, 0),
            (838, 27, NULL, 5, 0),
            (839, 27, NULL, 5, 0),
            (840, 27, NULL, 5, 0),
            (841, 27, NULL, 5, 0),
            (842, 27, NULL, 5, 0);

INSERT INTO sr_entry_functions
            (id, entry_id, mod_id, source_id, func_id, keyword_id, keyword_type, keyword_choose, `rank`)
    VALUES  (1, 1, NULL, NULL, 1, NULL, NULL, NULL, 1),
            (2, 2, NULL, NULL, 2, NULL, NULL, NULL, 1),
            (3, 3, NULL, NULL, 3, 1, 'keyword', 0, NULL),
            (4, 3, NULL, NULL, 173, 1, 'keyword', 0, NULL),
            (5, 4, NULL, NULL, 4, NULL, NULL, NULL, 1),
            (6, 5, NULL, NULL, 5, 2, 'keyword', 0, 1),
            (7, 6, NULL, NULL, 6, 2, 'keyword', 0, 1),
            (8, 7, NULL, NULL, 7, NULL, NULL, NULL, 1),
            (9, 7, NULL, NULL, 174, NULL, NULL, NULL, NULL),
            (10, 8, NULL, NULL, 8, 1, 'knowledge', 1, NULL),
            (11, 9, NULL, NULL, 9, NULL, NULL, NULL, 1),
            (12, 10, NULL, NULL, 10, NULL, NULL, NULL, 1),
            (13, 11, NULL, NULL, 11, NULL, NULL, NULL, 1),
            (14, 12, NULL, NULL, 12, NULL, NULL, NULL, 1),
            (15, 13, NULL, NULL, 13, NULL, NULL, NULL, 1),
            (16, 14, NULL, NULL, 14, 9, 'proficiency', 0, NULL),
            (17, 15, NULL, NULL, 15, 1, 'proficiency', 1, NULL),
            (18, 16, NULL, NULL, 16, NULL, NULL, NULL, NULL),
            (19, 17, NULL, NULL, 17, NULL, NULL, NULL, NULL),
            (20, 18, NULL, NULL, 18, 2, 'proficiency', 1, NULL),
            (21, 19, NULL, NULL, 19, NULL, NULL, NULL, NULL),
            (22, 20, NULL, NULL, 20, NULL, NULL, NULL, NULL),
            (23, 21, NULL, NULL, 8, 1, 'knowledge', 1, NULL),
            (24, 22, NULL, NULL, 21, NULL, NULL, NULL, NULL),
            (25, 23, NULL, NULL, 22, NULL, NULL, NULL, NULL),
            (26, 24, NULL, NULL, 23, NULL, NULL, NULL, 1),
            (27, 25, NULL, NULL, 12, NULL, NULL, NULL, 1),
            (28, 26, NULL, NULL, 24, NULL, NULL, NULL, 1),
            (29, 27, NULL, NULL, 25, 3, 'proficiency', 1, 1),
            (30, 28, NULL, NULL, 26, NULL, NULL, NULL, 1),
            (31, 29, NULL, NULL, 27, NULL, NULL, NULL, NULL),
            (32, 30, NULL, NULL, 28, NULL, NULL, NULL, 1),
            (33, 31, NULL, NULL, 29, NULL, NULL, NULL, 1),
            (34, 32, NULL, NULL, 30, NULL, NULL, NULL, NULL),
            (35, 33, NULL, NULL, 8, 1, 'knowledge', 1, NULL),
            (36, 34, NULL, NULL, 31, NULL, NULL, NULL, NULL),
            (37, 35, NULL, NULL, 32, NULL, NULL, NULL, 1),
            (38, 36, NULL, NULL, 32, NULL, NULL, NULL, 1),
            (39, 37, NULL, NULL, 33, NULL, NULL, NULL, 1),
            (40, 38, NULL, NULL, 2, NULL, NULL, NULL, 1),
            (41, 39, NULL, NULL, 34, NULL, NULL, NULL, NULL),
            (42, 40, NULL, NULL, 14, 9, 'proficiency', 0, NULL),
            (43, 41, NULL, NULL, 15, 1, 'proficiency', 1, NULL),
            (44, 42, NULL, NULL, 6, 3, 'keyword', 0, 1),
            (45, 43, NULL, NULL, 19, NULL, NULL, NULL, NULL),
            (46, 44, NULL, NULL, 35, 4, 'keyword', 0, 1),
            (47, 45, NULL, NULL, 36, NULL, NULL, NULL, 1),
            (48, 46, NULL, NULL, 21, NULL, NULL, NULL, NULL),
            (49, 47, NULL, NULL, 1, 3, 'keyword', 0, 2),
            (50, 48, NULL, NULL, 37, NULL, NULL, NULL, 1),
            (51, 49, NULL, NULL, 38, NULL, NULL, NULL, NULL),
            (52, 50, NULL, NULL, 5, 2, 'keyword', 0, 1),
            (53, 51, NULL, NULL, 39, NULL, NULL, NULL, 1),
            (54, 52, NULL, NULL, 40, NULL, NULL, NULL, NULL),
            (55, 53, NULL, NULL, 41, NULL, NULL, NULL, NULL),
            (56, 54, NULL, NULL, 42, NULL, NULL, NULL, 1),
            (57, 55, NULL, NULL, 1, NULL, NULL, NULL, 1),
            (58, 56, NULL, 1, 43, 5, 'keyword', 0, 1),
            (59, 57, NULL, NULL, 34, NULL, NULL, NULL, NULL),
            (60, 57, NULL, NULL, 5, 3, 'keyword', 0, 1),
            (61, 58, NULL, 1, 43, 5, 'keyword', 0, 1),
            (62, 59, NULL, NULL, 44, 1, 'keyword', 0, 1),
            (63, 60, NULL, NULL, 45, NULL, NULL, NULL, 1),
            (64, 61, NULL, NULL, 46, NULL, NULL, NULL, NULL),
            (65, 62, NULL, NULL, 47, NULL, NULL, NULL, 1),
            (66, 63, NULL, NULL, 48, NULL, NULL, NULL, NULL),
            (67, 64, NULL, NULL, 35, NULL, NULL, NULL, 1),
            (68, 65, 1, NULL, 42, NULL, NULL, NULL, 1),
            (69, 66, NULL, 1, 43, 6, 'keyword', 0, 1),
            (70, 67, NULL, NULL, 5, 2, 'keyword', 0, 1),
            (71, 68, NULL, NULL, 49, NULL, NULL, NULL, NULL),
            (72, 69, NULL, NULL, 50, NULL, NULL, NULL, 1),
            (73, 70, NULL, NULL, 51, NULL, NULL, NULL, NULL),
            (74, 71, 2, 1, 52, NULL, NULL, NULL, 1),
            (75, 72, NULL, 1, 43, 7, 'keyword', 0, 1),
            (76, 73, NULL, NULL, 44, 1, 'keyword', 0, 1),
            (77, 73, NULL, NULL, 5, 2, 'keyword', 0, 1),
            (78, 74, NULL, NULL, 53, NULL, NULL, NULL, 1),
            (79, 75, NULL, NULL, 54, NULL, NULL, NULL, NULL),
            (80, 76, NULL, NULL, 55, NULL, NULL, NULL, 1),
            (81, 77, NULL, NULL, 56, NULL, NULL, NULL, 1),
            (82, 78, NULL, 1, 43, 8, 'keyword', 0, 1),
            (83, 79, NULL, NULL, 57, NULL, NULL, NULL, NULL),
            (84, 80, NULL, NULL, 19, NULL, NULL, NULL, NULL),
            (85, 81, NULL, NULL, 48, NULL, NULL, NULL, NULL),
            (86, 82, NULL, NULL, 8, 1, 'knowledge', 1, NULL),
            (87, 83, NULL, NULL, 36, NULL, NULL, NULL, 1),
            (88, 84, NULL, NULL, 21, NULL, NULL, NULL, NULL),
            (89, 85, NULL, NULL, 1, 3, 'keyword', 0, 1),
            (90, 86, NULL, NULL, 34, NULL, NULL, NULL, NULL),
            (91, 87, NULL, NULL, 44, 1, 'keyword', 0, 1),
            (92, 88, NULL, NULL, 6, 2, 'keyword', 0, 1),
            (93, 89, NULL, NULL, 6, 3, 'keyword', 0, 1),
            (94, 90, NULL, NULL, 39, NULL, NULL, NULL, 1),
            (95, 91, NULL, NULL, 47, NULL, NULL, NULL, 1),
            (96, 92, NULL, NULL, 58, NULL, NULL, NULL, NULL),
            (97, 92, NULL, 1, 111, NULL, NULL, NULL, 1),
            (98, 93, NULL, NULL, 1, 3, 'keyword', 0, 2),
            (99, 94, NULL, 1, 43, 9, 'keyword', 0, 1),
            (100, 95, 2, 1, 42, NULL, NULL, NULL, 1),
            (101, 96, NULL, NULL, 59, NULL, NULL, NULL, NULL),
            (102, 97, NULL, NULL, 25, 7, 'proficiency', 0, 1),
            (103, 98, NULL, NULL, 5, 2, 'keyword', 0, 1),
            (104, 99, NULL, NULL, 35, NULL, NULL, NULL, 1),
            (105, 100, NULL, NULL, 49, NULL, NULL, NULL, NULL),
            (106, 101, NULL, NULL, 22, NULL, NULL, NULL, NULL),
            (107, 101, NULL, NULL, 167, NULL, NULL, NULL, NULL),
            (108, 102, NULL, NULL, 60, NULL, NULL, NULL, NULL),
            (109, 103, NULL, 1, 50, NULL, NULL, NULL, 1),
            (110, 104, NULL, NULL, 6, 2, 'keyword', 0, 2),
            (111, 105, NULL, NULL, 61, NULL, NULL, NULL, 1),
            (112, 106, NULL, NULL, 62, NULL, NULL, NULL, NULL),
            (113, 107, NULL, NULL, 63, NULL, NULL, NULL, NULL),
            (114, 108, NULL, 1, 43, 5, 'keyword', 0, 1),
            (115, 109, NULL, 1, 50, NULL, NULL, NULL, 1),
            (116, 110, NULL, 1, 43, 10, 'keyword', 0, 1),
            (117, 111, NULL, NULL, 44, 1, 'keyword', 0, 1),
            (118, 111, NULL, NULL, 5, 2, 'keyword', 0, 1),
            (119, 112, NULL, NULL, 6, 2, 'keyword', 0, 1),
            (120, 112, NULL, NULL, 5, 2, 'keyword', 0, 1),
            (121, 113, NULL, NULL, 55, NULL, NULL, NULL, 1),
            (122, 114, NULL, NULL, 64, NULL, NULL, NULL, NULL),
            (123, 115, NULL, 1, 50, NULL, NULL, NULL, 1),
            (124, 116, NULL, NULL, 14, 9, 'proficiency', 0, NULL),
            (125, 117, NULL, NULL, 15, 1, 'proficiency', 1, NULL),
            (126, 118, NULL, NULL, 4, NULL, NULL, NULL, 1),
            (127, 119, NULL, NULL, 44, 11, 'keyword', 0, 1),
            (128, 120, NULL, NULL, 65, NULL, NULL, NULL, 1),
            (129, 121, NULL, NULL, 65, NULL, NULL, NULL, 1),
            (130, 122, NULL, NULL, 11, NULL, NULL, NULL, 1),
            (131, 123, NULL, NULL, 1, 4, 'keyword', 0, 1),
            (132, 124, NULL, NULL, 66, NULL, NULL, NULL, NULL),
            (133, 125, NULL, NULL, 14, 10, 'proficiency', 0, NULL),
            (134, 126, NULL, NULL, 44, 11, 'keyword', 0, 1),
            (135, 126, NULL, NULL, 65, NULL, NULL, NULL, 1),
            (136, 127, NULL, NULL, 67, NULL, NULL, NULL, NULL),
            (137, 128, NULL, NULL, 68, NULL, NULL, NULL, 1),
            (138, 129, NULL, NULL, 29, NULL, NULL, NULL, 1),
            (139, 130, NULL, NULL, 35, NULL, NULL, NULL, 1),
            (140, 131, NULL, NULL, 11, NULL, NULL, NULL, 2),
            (141, 132, NULL, NULL, 69, NULL, NULL, NULL, NULL),
            (142, 133, NULL, NULL, 37, NULL, NULL, NULL, 1),
            (143, 134, NULL, NULL, 25, 12, 'keyword', 0, 1),
            (144, 135, NULL, NULL, 70, NULL, NULL, NULL, NULL),
            (145, 136, NULL, NULL, 71, NULL, NULL, NULL, NULL),
            (146, 137, NULL, 2, 72, NULL, NULL, NULL, 1),
            (147, 138, NULL, NULL, 73, NULL, NULL, NULL, 1),
            (148, 139, NULL, NULL, 74, NULL, NULL, NULL, NULL),
            (149, 140, NULL, NULL, 1, NULL, NULL, NULL, 2),
            (150, 141, NULL, NULL, 37, NULL, NULL, NULL, 1),
            (151, 142, NULL, 2, 43, 13, 'keyword', 0, 1),
            (152, 143, NULL, NULL, 5, 11, 'keyword', 0, 2),
            (153, 144, NULL, NULL, 55, NULL, NULL, NULL, 1),
            (154, 145, NULL, NULL, 56, NULL, NULL, NULL, 1),
            (155, 146, NULL, NULL, 29, NULL, NULL, NULL, 2),
            (156, 147, 3, 2, 52, NULL, NULL, NULL, 1),
            (157, 148, NULL, NULL, 55, NULL, NULL, NULL, 1),
            (158, 149, NULL, NULL, 75, NULL, NULL, NULL, NULL),
            (159, 150, NULL, NULL, 76, NULL, NULL, NULL, NULL),
            (160, 150, NULL, NULL, 175, NULL, NULL, NULL, NULL),
            (161, 151, NULL, NULL, 35, NULL, NULL, NULL, 1),
            (162, 151, NULL, NULL, 1, NULL, NULL, NULL, 1),
            (163, 152, NULL, NULL, 33, NULL, NULL, NULL, 2),
            (164, 152, NULL, NULL, 37, NULL, NULL, NULL, 1),
            (165, 153, 3, 2, 72, NULL, NULL, NULL, 1),
            (166, 154, NULL, NULL, 15, 1, 'proficiency', 1, NULL),
            (167, 155, NULL, NULL, 15, 1, 'proficiency', 1, NULL),
            (168, 156, NULL, NULL, 70, NULL, NULL, NULL, NULL),
            (169, 157, NULL, NULL, 17, NULL, NULL, NULL, NULL),
            (170, 158, NULL, NULL, 77, NULL, NULL, NULL, NULL),
            (171, 159, NULL, NULL, 44, 14, 'keyword', 0, 1),
            (172, 160, NULL, NULL, 78, NULL, NULL, NULL, 2),
            (173, 161, NULL, NULL, 23, NULL, NULL, NULL, 1),
            (174, 162, NULL, NULL, 37, 4, 'keyword', 0, 1),
            (175, 163, NULL, NULL, 79, NULL, NULL, NULL, NULL),
            (176, 164, NULL, NULL, 5, 14, 'keyword', 0, 1),
            (177, 165, NULL, NULL, 27, NULL, NULL, NULL, NULL),
            (178, 166, NULL, NULL, 35, 4, 'keyword', 0, 1),
            (179, 167, NULL, NULL, 73, NULL, NULL, NULL, 1),
            (180, 168, 1, NULL, 78, NULL, NULL, NULL, 1),
            (181, 169, 4, NULL, 80, NULL, NULL, NULL, 1),
            (182, 170, NULL, NULL, 12, NULL, NULL, NULL, 1),
            (183, 171, 2, NULL, 78, NULL, NULL, NULL, 1),
            (184, 172, NULL, NULL, 6, 14, 'keyword', 0, 1),
            (185, 173, NULL, NULL, 81, NULL, NULL, NULL, 1),
            (186, 174, NULL, NULL, 67, NULL, NULL, NULL, NULL),
            (187, 175, NULL, NULL, 35, 4, 'keyword', 0, 1),
            (188, 176, NULL, NULL, 33, NULL, NULL, NULL, 1),
            (189, 177, NULL, NULL, 69, NULL, NULL, NULL, NULL),
            (190, 178, NULL, NULL, 82, NULL, NULL, NULL, 1),
            (191, 179, NULL, NULL, 2, NULL, NULL, NULL, 2),
            (192, 180, NULL, NULL, 80, NULL, NULL, NULL, 1),
            (193, 181, NULL, NULL, 83, 15, 'keyword', 0, 1),
            (194, 182, NULL, NULL, 83, 15, 'keyword', 0, 1),
            (195, 183, 1, NULL, 78, NULL, NULL, NULL, 2),
            (196, 184, NULL, NULL, 1, NULL, NULL, NULL, 1),
            (197, 185, NULL, NULL, 12, NULL, NULL, NULL, 2),
            (198, 186, NULL, NULL, 55, 4, 'keyword', 0, 1),
            (199, 187, NULL, NULL, 83, 15, 'keyword', 0, 1),
            (200, 188, NULL, NULL, 84, NULL, NULL, NULL, NULL),
            (201, 189, NULL, NULL, 85, NULL, NULL, NULL, NULL),
            (202, 190, 1, NULL, 80, NULL, NULL, NULL, 1),
            (203, 191, NULL, NULL, 33, NULL, NULL, NULL, 1),
            (204, 191, NULL, NULL, 37, NULL, NULL, NULL, 1),
            (205, 192, NULL, NULL, 86, NULL, NULL, NULL, NULL),
            (206, 193, NULL, NULL, 26, NULL, NULL, NULL, 1),
            (207, 194, NULL, NULL, 29, NULL, NULL, NULL, 1),
            (208, 195, NULL, NULL, 72, NULL, NULL, NULL, 1),
            (209, 196, NULL, NULL, 9, NULL, NULL, NULL, 1),
            (210, 197, NULL, NULL, 23, NULL, NULL, NULL, 1),
            (211, 198, NULL, NULL, 23, NULL, NULL, NULL, 1),
            (212, 199, 2, 2, 78, NULL, NULL, NULL, 1),
            (213, 200, 2, 2, 87, NULL, NULL, NULL, 1),
            (214, 201, NULL, NULL, 88, NULL, NULL, NULL, 1),
            (215, 202, NULL, NULL, 29, NULL, NULL, NULL, 1),
            (216, 203, NULL, NULL, 89, NULL, NULL, NULL, 1),
            (217, 204, NULL, NULL, 90, NULL, NULL, NULL, 1),
            (218, 205, NULL, NULL, 91, NULL, NULL, NULL, NULL),
            (219, 206, NULL, NULL, 92, NULL, NULL, NULL, 1),
            (220, 207, NULL, NULL, 1, 4, 'keyword', 0, 1),
            (221, 208, NULL, NULL, 13, NULL, NULL, NULL, 1),
            (222, 209, 2, 2, 87, NULL, NULL, NULL, 1),
            (223, 210, NULL, NULL, 93, NULL, NULL, NULL, NULL),
            (224, 211, NULL, NULL, 8, 1, 'knowledge', 1, NULL),
            (225, 212, NULL, NULL, 1, NULL, NULL, NULL, 1),
            (226, 213, NULL, NULL, 69, NULL, NULL, NULL, NULL),
            (227, 214, NULL, NULL, 12, NULL, NULL, NULL, 3),
            (228, 215, NULL, NULL, 94, NULL, NULL, NULL, NULL),
            (229, 216, 2, 2, 81, NULL, NULL, NULL, 2),
            (230, 217, NULL, NULL, 95, NULL, NULL, NULL, NULL),
            (231, 218, NULL, NULL, 25, NULL, NULL, NULL, 1),
            (232, 219, NULL, NULL, 88, NULL, NULL, NULL, 1),
            (233, 220, NULL, NULL, 96, NULL, NULL, NULL, NULL),
            (234, 221, NULL, NULL, 55, 4, 'keyword', 0, 1),
            (235, 222, NULL, NULL, 97, NULL, NULL, NULL, NULL),
            (236, 223, NULL, NULL, 74, NULL, NULL, NULL, NULL),
            (237, 224, NULL, NULL, 55, NULL, NULL, NULL, 1),
            (238, 225, NULL, NULL, 98, NULL, NULL, NULL, NULL),
            (239, 226, NULL, NULL, 99, NULL, NULL, NULL, NULL),
            (240, 227, 3, 2, 72, NULL, NULL, NULL, 1),
            (241, 228, NULL, NULL, 100, NULL, NULL, NULL, NULL),
            (242, 229, NULL, NULL, 101, NULL, NULL, NULL, 1),
            (243, 230, NULL, NULL, 86, NULL, NULL, NULL, NULL),
            (244, 231, NULL, NULL, 102, NULL, NULL, NULL, 1),
            (245, 232, NULL, NULL, 39, NULL, NULL, NULL, 1),
            (246, 233, NULL, NULL, 26, NULL, NULL, NULL, 1),
            (247, 234, NULL, NULL, 103, NULL, NULL, NULL, 1),
            (248, 235, NULL, NULL, 19, NULL, NULL, NULL, NULL),
            (249, 236, NULL, NULL, 32, NULL, NULL, NULL, 1),
            (250, 237, NULL, NULL, 1, 3, 'keyword', 0, 1),
            (251, 238, 2, 1, 87, NULL, NULL, NULL, 1),
            (252, 239, NULL, NULL, 104, NULL, NULL, NULL, NULL),
            (253, 240, NULL, NULL, 39, NULL, NULL, NULL, 1),
            (254, 240, NULL, NULL, 137, NULL, NULL, NULL, NULL),
            (255, 241, NULL, NULL, 93, NULL, NULL, NULL, NULL),
            (256, 242, NULL, NULL, 105, NULL, NULL, NULL, NULL),
            (257, 243, NULL, NULL, 36, NULL, NULL, NULL, 1),
            (258, 244, NULL, NULL, 1, 3, 'keyword', 0, 2),
            (259, 245, NULL, NULL, 82, NULL, NULL, NULL, 1),
            (260, 246, NULL, NULL, 94, NULL, NULL, NULL, NULL),
            (261, 247, 2, 1, 87, NULL, NULL, NULL, 1),
            (262, 248, NULL, NULL, 106, NULL, NULL, NULL, NULL),
            (263, 249, NULL, NULL, 8, 1, 'knowledge', 1, NULL),
            (264, 250, NULL, NULL, 107, NULL, NULL, NULL, 1),
            (265, 251, NULL, NULL, 35, 4, 'keyword', 0, 1),
            (266, 252, 1, NULL, 42, NULL, NULL, NULL, 1),
            (267, 253, NULL, NULL, 60, NULL, NULL, NULL, NULL),
            (268, 254, NULL, NULL, 12, NULL, NULL, NULL, 2),
            (269, 255, 2, 1, 42, NULL, NULL, NULL, 1),
            (270, 255, 2, 1, 87, NULL, NULL, NULL, 1),
            (271, 256, NULL, NULL, 108, NULL, NULL, NULL, NULL),
            (272, 257, NULL, NULL, 63, NULL, NULL, NULL, NULL),
            (273, 258, 1, NULL, 72, NULL, NULL, NULL, 1),
            (274, 259, NULL, NULL, 109, NULL, NULL, NULL, NULL),
            (275, 260, 2, 1, 42, NULL, NULL, NULL, 1),
            (276, 260, 2, 1, 87, NULL, NULL, NULL, 1),
            (277, 261, NULL, NULL, 101, NULL, NULL, NULL, 1),
            (278, 262, NULL, NULL, 55, 4, 'keyword', 0, 1),
            (279, 263, NULL, 1, 50, NULL, NULL, NULL, 1),
            (280, 264, NULL, NULL, 51, NULL, NULL, NULL, NULL),
            (281, 265, 2, 1, 72, NULL, NULL, NULL, 1),
            (282, 265, 2, 1, 87, NULL, NULL, NULL, 1),
            (283, 266, 2, 1, 72, NULL, NULL, NULL, 1),
            (284, 266, 2, 1, 87, NULL, NULL, NULL, 1),
            (285, 267, NULL, NULL, 101, NULL, NULL, NULL, 1),
            (286, 268, NULL, 2, 43, 8, 'keyword', 0, 2),
            (287, 269, NULL, NULL, 4, NULL, NULL, NULL, 1),
            (288, 270, NULL, NULL, 18, 2, 'proficiency', 1, NULL),
            (289, 271, NULL, NULL, 8, 1, 'knowledge', 1, NULL),
            (290, 272, NULL, NULL, 29, NULL, NULL, NULL, 1),
            (291, 273, NULL, NULL, 10, NULL, NULL, NULL, 1),
            (292, 274, NULL, NULL, 22, NULL, NULL, NULL, NULL),
            (293, 275, NULL, NULL, 32, NULL, NULL, NULL, 1),
            (294, 276, NULL, NULL, 13, NULL, NULL, NULL, 1),
            (295, 277, NULL, NULL, 18, 2, 'proficiency', 1, NULL),
            (296, 278, NULL, NULL, 68, NULL, NULL, NULL, 1),
            (297, 279, NULL, NULL, 30, NULL, NULL, NULL, NULL),
            (298, 280, NULL, NULL, 110, NULL, NULL, NULL, NULL),
            (299, 280, NULL, NULL, 144, NULL, NULL, NULL, NULL),
            (300, 281, NULL, NULL, 8, 1, 'knowledge', 1, NULL),
            (301, 282, NULL, NULL, 8, 1, 'knowledge', 1, NULL),
            (302, 283, NULL, NULL, 31, NULL, NULL, NULL, NULL),
            (303, 284, NULL, NULL, 32, NULL, NULL, NULL, 1),
            (304, 285, NULL, NULL, 1, 4, 'keyword', 0, 1),
            (305, 286, NULL, NULL, 111, NULL, NULL, NULL, 2),
            (306, 287, NULL, NULL, 112, NULL, NULL, NULL, NULL),
            (307, 288, NULL, NULL, 103, NULL, NULL, NULL, 1),
            (308, 289, NULL, NULL, 113, NULL, NULL, NULL, NULL),
            (309, 289, NULL, NULL, 8, 1, 'knowledge', 1, NULL),
            (310, 290, NULL, NULL, 35, NULL, NULL, NULL, 1),
            (311, 291, NULL, NULL, 1, NULL, NULL, NULL, 1),
            (312, 292, NULL, NULL, 69, NULL, NULL, NULL, NULL),
            (313, 293, NULL, NULL, 13, NULL, NULL, NULL, 1),
            (314, 294, NULL, NULL, 25, 12, 'keyword', 0, 1),
            (315, 295, NULL, 2, 43, 16, 'keyword', 0, 1),
            (316, 296, NULL, 2, 43, 17, 'keyword', 0, 1),
            (317, 297, NULL, NULL, 114, NULL, NULL, NULL, NULL),
            (318, 298, NULL, NULL, 97, NULL, NULL, NULL, NULL),
            (319, 298, NULL, NULL, 23, NULL, NULL, NULL, 1),
            (320, 299, NULL, NULL, 50, NULL, NULL, NULL, 1),
            (321, 300, NULL, NULL, 115, NULL, NULL, NULL, NULL),
            (322, 300, NULL, NULL, 32, NULL, NULL, NULL, 1),
            (323, 301, NULL, NULL, 55, NULL, NULL, NULL, 1),
            (324, 302, NULL, NULL, 98, NULL, NULL, NULL, NULL),
            (325, 303, NULL, NULL, 116, NULL, NULL, NULL, NULL),
            (326, 304, NULL, NULL, 117, NULL, NULL, NULL, NULL),
            (327, 305, NULL, NULL, 118, NULL, NULL, NULL, NULL),
            (328, 306, NULL, NULL, 15, 1, 'proficiency', 1, NULL),
            (329, 307, NULL, NULL, 17, NULL, NULL, NULL, NULL),
            (330, 308, NULL, NULL, 119, NULL, NULL, NULL, NULL),
            (331, 309, NULL, 3, 52, NULL, NULL, NULL, 1),
            (332, 310, 1, NULL, 87, NULL, NULL, NULL, 2),
            (333, 311, NULL, NULL, 82, NULL, NULL, NULL, 1),
            (334, 312, NULL, NULL, 23, NULL, NULL, NULL, 1),
            (335, 313, NULL, NULL, 12, NULL, NULL, NULL, 1),
            (336, 314, NULL, NULL, 37, 18, 'keyword', 0, 1),
            (337, 315, NULL, NULL, 70, NULL, NULL, NULL, NULL),
            (338, 316, NULL, NULL, 120, NULL, NULL, NULL, 1),
            (339, 317, NULL, 3, 72, NULL, NULL, NULL, 1),
            (340, 318, NULL, NULL, 35, 18, 'keyword', 0, 1),
            (341, 319, NULL, NULL, 73, NULL, NULL, NULL, 1),
            (342, 320, NULL, NULL, 91, NULL, NULL, NULL, NULL),
            (343, 321, 1, NULL, 42, NULL, NULL, NULL, 1),
            (344, 322, NULL, NULL, 69, NULL, NULL, NULL, NULL),
            (345, 323, NULL, NULL, 37, NULL, NULL, NULL, 1),
            (346, 324, NULL, NULL, 121, NULL, NULL, NULL, NULL),
            (347, 325, NULL, NULL, 122, NULL, NULL, NULL, NULL),
            (348, 325, 1, NULL, 87, NULL, NULL, NULL, 1),
            (349, 326, 1, NULL, 42, NULL, NULL, NULL, 1),
            (350, 326, 1, NULL, 52, NULL, NULL, NULL, 1),
            (351, 327, NULL, NULL, 123, NULL, NULL, NULL, NULL),
            (352, 328, NULL, NULL, 124, 15, 'keyword', 0, 1),
            (353, 329, NULL, NULL, 23, NULL, NULL, NULL, 1),
            (354, 330, NULL, NULL, 12, NULL, NULL, NULL, 2),
            (355, 331, NULL, NULL, 125, NULL, NULL, NULL, 1),
            (356, 332, NULL, NULL, 97, NULL, NULL, NULL, NULL),
            (357, 333, 1, NULL, 80, NULL, NULL, NULL, 1),
            (358, 334, NULL, NULL, 124, 15, 'keyword', 0, 1),
            (359, 335, NULL, NULL, 126, NULL, NULL, NULL, NULL),
            (360, 336, 2, 1, 42, NULL, NULL, NULL, 1),
            (361, 337, NULL, NULL, 127, NULL, NULL, NULL, NULL),
            (362, 338, NULL, NULL, 5, 14, 'keyword', 0, 1),
            (363, 338, NULL, NULL, 44, 14, 'keyword', 0, 1),
            (364, 339, NULL, NULL, 55, 4, 'keyword', 0, 1),
            (365, 340, 1, NULL, 80, NULL, NULL, NULL, 1),
            (366, 341, NULL, NULL, 124, 15, 'keyword', 0, 1),
            (367, 342, 2, 1, 42, NULL, NULL, NULL, 2),
            (368, 343, NULL, NULL, 101, NULL, NULL, NULL, 1),
            (369, 344, NULL, NULL, 15, 1, 'proficiency', 1, NULL),
            (370, 345, NULL, NULL, 104, NULL, NULL, NULL, NULL),
            (371, 346, NULL, NULL, 93, NULL, NULL, NULL, NULL),
            (372, 347, NULL, NULL, 19, NULL, NULL, NULL, NULL),
            (373, 348, NULL, 3, 81, NULL, NULL, NULL, 1),
            (374, 349, NULL, NULL, 89, NULL, NULL, NULL, 1),
            (375, 350, NULL, NULL, 1, 3, 'keyword', 0, 1),
            (376, 351, NULL, NULL, 128, NULL, NULL, NULL, NULL),
            (377, 352, NULL, NULL, 129, NULL, NULL, NULL, NULL),
            (378, 353, NULL, NULL, 130, NULL, NULL, NULL, NULL),
            (379, 354, NULL, NULL, 15, 1, 'proficiency', 1, NULL),
            (380, 355, NULL, NULL, 5, 3, 'keyword', 0, 1),
            (381, 356, NULL, NULL, 6, 2, 'keyword', 0, 1),
            (382, 356, NULL, NULL, 44, 3, 'keyword', 0, 1),
            (383, 357, NULL, NULL, 131, NULL, NULL, NULL, NULL),
            (384, 358, NULL, NULL, 132, NULL, NULL, NULL, NULL),
            (385, 359, NULL, NULL, 39, NULL, NULL, NULL, 1),
            (386, 360, NULL, NULL, 62, NULL, NULL, NULL, NULL),
            (387, 361, NULL, NULL, 36, NULL, NULL, NULL, 1),
            (388, 362, NULL, 4, 81, NULL, NULL, NULL, 1),
            (389, 363, NULL, NULL, 1, 4, 'keyword', 0, 1),
            (390, 364, NULL, NULL, 133, NULL, NULL, NULL, NULL),
            (391, 365, NULL, NULL, 5, 2, 'keyword', 0, 1),
            (392, 366, NULL, NULL, 47, NULL, NULL, NULL, 1),
            (393, 367, NULL, NULL, 106, NULL, NULL, NULL, NULL),
            (394, 367, NULL, NULL, 60, NULL, NULL, NULL, NULL),
            (395, 368, NULL, 3, 134, NULL, NULL, NULL, 1),
            (396, 369, NULL, NULL, 35, 4, 'keyword', 0, 1),
            (397, 370, NULL, NULL, 123, NULL, NULL, NULL, NULL),
            (398, 371, NULL, NULL, 94, NULL, NULL, NULL, NULL),
            (399, 372, NULL, NULL, 135, NULL, NULL, NULL, NULL),
            (400, 373, NULL, NULL, 5, 2, 'keyword', 0, 1),
            (401, 373, NULL, NULL, 58, NULL, NULL, NULL, NULL),
            (402, 374, NULL, NULL, 71, NULL, NULL, NULL, NULL),
            (403, 375, NULL, NULL, 27, NULL, NULL, NULL, NULL),
            (404, 376, NULL, 3, 53, NULL, NULL, NULL, 1),
            (405, 377, NULL, NULL, 35, 18, 'keyword', 0, 1),
            (406, 378, NULL, 4, 134, NULL, NULL, NULL, 1),
            (407, 379, NULL, NULL, 54, NULL, NULL, NULL, NULL),
            (408, 380, NULL, NULL, 55, NULL, NULL, NULL, 1),
            (409, 381, 2, NULL, 81, NULL, NULL, NULL, 1),
            (410, 382, 2, 1, 81, NULL, NULL, NULL, 1),
            (411, 383, NULL, NULL, 101, NULL, NULL, NULL, 1),
            (412, 384, NULL, NULL, 15, 1, 'proficiency', 1, NULL),
            (413, 385, NULL, NULL, 44, 11, 'keyword', 0, 1),
            (414, 386, NULL, NULL, 6, 11, 'keyword', 0, 1),
            (415, 387, NULL, NULL, 8, 1, 'knowledge', 1, NULL),
            (416, 388, NULL, NULL, 78, NULL, NULL, NULL, 1),
            (417, 389, NULL, NULL, 1, 4, 'keyword', 0, 1),
            (418, 390, NULL, NULL, 23, NULL, NULL, NULL, 1),
            (419, 391, NULL, NULL, 136, NULL, NULL, NULL, NULL),
            (420, 392, NULL, NULL, 95, NULL, NULL, NULL, NULL),
            (421, 393, NULL, NULL, 70, NULL, NULL, NULL, NULL),
            (422, 394, NULL, NULL, 5, 11, 'keyword', 0, 1),
            (423, 395, NULL, NULL, 6, 11, 'keyword', 0, 1),
            (424, 396, NULL, NULL, 93, NULL, NULL, NULL, NULL),
            (425, 397, NULL, NULL, 29, NULL, NULL, NULL, 1),
            (426, 398, NULL, NULL, 1, NULL, NULL, NULL, 1),
            (427, 399, NULL, 2, 81, NULL, NULL, NULL, 1),
            (428, 400, NULL, 2, 72, NULL, NULL, NULL, 1),
            (429, 401, NULL, 2, 87, NULL, NULL, NULL, 2),
            (430, 402, NULL, NULL, 71, NULL, NULL, NULL, NULL),
            (431, 403, NULL, NULL, 104, NULL, NULL, NULL, NULL),
            (432, 404, NULL, NULL, 81, NULL, NULL, NULL, 1),
            (433, 405, NULL, NULL, 72, NULL, NULL, NULL, 1),
            (434, 406, NULL, NULL, 35, NULL, NULL, NULL, 1),
            (435, 407, NULL, NULL, 92, NULL, NULL, NULL, 2),
            (436, 408, NULL, NULL, 128, NULL, NULL, NULL, NULL),
            (437, 409, NULL, 2, 72, NULL, NULL, NULL, 1),
            (438, 410, NULL, NULL, 25, 12, 'keyword', 0, 1),
            (439, 411, NULL, NULL, 80, NULL, NULL, NULL, 1),
            (440, 412, NULL, NULL, 55, 4, 'keyword', 0, 1),
            (441, 413, NULL, NULL, 137, NULL, NULL, NULL, NULL),
            (442, 414, NULL, NULL, 138, NULL, NULL, NULL, NULL),
            (443, 415, 1, NULL, 72, NULL, NULL, NULL, 1),
            (444, 416, NULL, NULL, 5, 11, 'keyword', 0, 2),
            (445, 416, NULL, NULL, 6, 11, 'keyword', 0, 2),
            (446, 417, NULL, NULL, 55, NULL, NULL, NULL, 1),
            (447, 418, NULL, NULL, 29, NULL, NULL, NULL, 2),
            (448, 419, 3, 2, 81, NULL, NULL, NULL, 1),
            (449, 420, 3, 2, 72, NULL, NULL, NULL, 1),
            (450, 421, NULL, NULL, 139, NULL, NULL, NULL, NULL),
            (451, 422, NULL, NULL, 6, 14, 'keyword', 0, 1),
            (452, 423, NULL, NULL, 42, NULL, NULL, NULL, 1),
            (453, 424, NULL, NULL, 7, NULL, NULL, NULL, 1),
            (454, 424, NULL, NULL, 28, NULL, NULL, NULL, 1),
            (455, 424, NULL, NULL, 174, NULL, NULL, NULL, NULL),
            (456, 425, NULL, NULL, 7, NULL, NULL, NULL, 3),
            (457, 426, NULL, NULL, 140, NULL, NULL, NULL, NULL),
            (458, 426, NULL, NULL, 8, NULL, NULL, NULL, NULL),
            (459, 427, NULL, NULL, 78, NULL, NULL, NULL, 2),
            (460, 428, NULL, NULL, 10, NULL, NULL, NULL, 1),
            (461, 429, NULL, NULL, 37, 18, 'keyword', 0, 1),
            (462, 430, NULL, NULL, 37, 4, 'keyword', 0, 1),
            (463, 431, NULL, NULL, 25, 7, 'proficiency', 0, 1),
            (464, 432, NULL, NULL, 5, 14, 'keyword', 0, 1),
            (465, 433, NULL, NULL, 18, 2, 'proficiency', 1, NULL),
            (466, 434, NULL, NULL, 141, NULL, NULL, NULL, 1),
            (467, 435, NULL, NULL, 7, NULL, NULL, NULL, 1),
            (468, 435, NULL, NULL, 37, NULL, NULL, NULL, 1),
            (469, 436, NULL, NULL, 28, NULL, NULL, NULL, 3),
            (470, 437, NULL, NULL, 142, NULL, NULL, NULL, NULL),
            (471, 438, NULL, NULL, 87, NULL, NULL, NULL, 1),
            (472, 438, NULL, NULL, 155, NULL, NULL, NULL, 1),
            (473, 439, NULL, NULL, 2, NULL, NULL, NULL, 2),
            (474, 440, NULL, NULL, 111, NULL, NULL, NULL, 2),
            (475, 441, NULL, NULL, 141, NULL, NULL, NULL, 1),
            (476, 442, NULL, NULL, 8, 1, 'knowledge', 1, NULL),
            (477, 443, NULL, NULL, 35, 4, 'keyword', 0, 1),
            (478, 444, NULL, NULL, 22, NULL, NULL, NULL, NULL),
            (479, 444, NULL, NULL, 32, NULL, NULL, NULL, 1),
            (480, 445, NULL, NULL, 13, NULL, NULL, NULL, 1),
            (481, 446, NULL, NULL, 118, NULL, NULL, NULL, NULL),
            (482, 447, 2, 1, 42, NULL, NULL, NULL, 1),
            (483, 448, NULL, NULL, 71, NULL, NULL, NULL, NULL),
            (484, 449, NULL, NULL, 55, 4, 'keyword', 0, 1),
            (485, 450, NULL, NULL, 141, NULL, NULL, NULL, 1),
            (486, 451, NULL, NULL, 143, NULL, NULL, NULL, 1),
            (487, 452, 1, NULL, 134, NULL, NULL, NULL, 1),
            (488, 453, 2, 1, 42, NULL, NULL, NULL, 2),
            (489, 454, NULL, NULL, 5, 2, 'keyword', 0, 1),
            (490, 454, NULL, NULL, 6, 2, 'keyword', 0, 1),
            (491, 455, NULL, NULL, 112, NULL, NULL, NULL, NULL),
            (492, 456, NULL, NULL, 55, NULL, NULL, NULL, 1),
            (493, 457, NULL, NULL, 98, NULL, NULL, NULL, NULL),
            (494, 458, NULL, NULL, 144, NULL, NULL, NULL, NULL),
            (495, 458, NULL, NULL, 32, NULL, NULL, NULL, 1),
            (496, 459, NULL, NULL, 24, NULL, NULL, NULL, 3),
            (497, 460, NULL, NULL, 14, 10, 'proficiency', 0, NULL),
            (498, 461, NULL, NULL, 15, 1, 'proficiency', 1, NULL),
            (499, 462, NULL, NULL, 44, 14, 'keyword', 0, 1),
            (500, 463, NULL, NULL, 5, 14, 'keyword', 0, 1),
            (501, 464, NULL, NULL, 67, NULL, NULL, NULL, NULL),
            (502, 465, NULL, NULL, 145, NULL, NULL, NULL, 1),
            (503, 466, NULL, NULL, 146, NULL, NULL, NULL, NULL),
            (504, 467, NULL, NULL, 37, 18, 'keyword', 0, 1),
            (505, 468, NULL, NULL, 37, 4, 'keyword', 0, 1),
            (506, 469, NULL, NULL, 25, 8, 'proficiency', 0, 1),
            (507, 470, NULL, NULL, 44, 1, 'keyword', 0, 1),
            (508, 471, NULL, NULL, 6, 14, 'keyword', 0, 1),
            (509, 471, NULL, NULL, 145, NULL, NULL, NULL, 1),
            (510, 472, NULL, NULL, 147, NULL, NULL, NULL, NULL),
            (511, 473, NULL, NULL, 35, 4, 'keyword', 0, 1),
            (512, 474, 1, NULL, 78, NULL, NULL, NULL, 1),
            (513, 475, NULL, NULL, 2, NULL, NULL, NULL, 2),
            (514, 476, NULL, NULL, 37, 18, 'keyword', 0, 2),
            (515, 477, NULL, NULL, 37, 4, 'keyword', 0, 2),
            (516, 478, NULL, NULL, 44, 14, 'keyword', 0, 1),
            (517, 478, NULL, NULL, 145, NULL, NULL, NULL, 1),
            (518, 479, NULL, NULL, 81, NULL, NULL, NULL, 1),
            (519, 480, NULL, NULL, 56, NULL, NULL, NULL, 1),
            (520, 481, NULL, NULL, 148, NULL, NULL, NULL, NULL),
            (521, 482, NULL, NULL, 35, 14, 'keyword', 0, 1),
            (522, 483, NULL, NULL, 35, 18, 'keyword', 0, 1),
            (523, 484, NULL, NULL, 73, NULL, NULL, NULL, 1),
            (524, 485, NULL, NULL, 149, NULL, NULL, NULL, NULL),
            (525, 486, NULL, NULL, 70, NULL, NULL, NULL, NULL),
            (526, 487, NULL, NULL, 80, NULL, NULL, NULL, 1),
            (527, 488, NULL, NULL, 55, NULL, NULL, NULL, 1),
            (528, 489, NULL, NULL, 150, NULL, NULL, NULL, NULL),
            (529, 490, NULL, NULL, 33, NULL, NULL, NULL, 1),
            (530, 491, NULL, NULL, 1, NULL, NULL, NULL, 1),
            (531, 492, NULL, NULL, 25, 12, 'keyword', 0, 1),
            (532, 492, NULL, NULL, 2, NULL, NULL, NULL, 3),
            (533, 493, NULL, NULL, 55, NULL, NULL, NULL, 1),
            (534, 494, NULL, NULL, 75, NULL, NULL, NULL, NULL),
            (535, 495, 1, NULL, 134, NULL, NULL, NULL, 1),
            (536, 496, 2, NULL, 151, NULL, NULL, NULL, 2),
            (537, 497, NULL, NULL, 152, NULL, NULL, NULL, NULL),
            (538, 498, NULL, NULL, 1, NULL, NULL, NULL, 1),
            (539, 499, NULL, NULL, 2, NULL, NULL, NULL, 1),
            (540, 500, NULL, NULL, 3, 1, 'keyword', 0, NULL),
            (541, 500, NULL, NULL, 173, 1, 'keyword', 0, NULL),
            (542, 501, NULL, NULL, 6, 2, 'keyword', 0, 1),
            (543, 502, NULL, NULL, 26, NULL, NULL, NULL, 1),
            (544, 503, NULL, NULL, 7, NULL, NULL, NULL, 1),
            (545, 503, NULL, NULL, 174, NULL, NULL, NULL, NULL),
            (546, 504, NULL, NULL, 8, 1, 'knowledge', 1, NULL),
            (547, 505, NULL, NULL, 9, NULL, NULL, NULL, 1),
            (548, 506, NULL, NULL, 11, NULL, NULL, NULL, 1),
            (549, 507, NULL, NULL, 23, NULL, NULL, NULL, 1),
            (550, 508, NULL, NULL, 12, NULL, NULL, NULL, 1),
            (551, 509, NULL, NULL, 153, NULL, NULL, NULL, 1),
            (552, 510, NULL, NULL, 14, 9, 'proficiency', 0, NULL),
            (553, 511, NULL, NULL, 17, NULL, NULL, NULL, NULL),
            (554, 512, NULL, NULL, 18, 2, 'proficiency', 1, NULL),
            (555, 513, NULL, NULL, 93, NULL, NULL, NULL, NULL),
            (556, 514, NULL, NULL, 97, NULL, NULL, NULL, NULL),
            (557, 515, NULL, NULL, 73, NULL, NULL, NULL, 1),
            (558, 516, NULL, NULL, 21, NULL, NULL, NULL, NULL),
            (559, 517, NULL, NULL, 89, NULL, NULL, NULL, 1),
            (560, 518, NULL, NULL, 154, NULL, NULL, NULL, NULL),
            (561, 519, NULL, NULL, 155, NULL, NULL, NULL, 1),
            (562, 520, NULL, NULL, 13, NULL, NULL, NULL, 1),
            (563, 521, NULL, NULL, 24, NULL, NULL, NULL, 1),
            (564, 522, NULL, NULL, 25, 7, 'proficiency', 0, 1),
            (565, 523, NULL, NULL, 43, 19, 'keyword', 0, 1),
            (566, 524, NULL, NULL, 26, NULL, NULL, NULL, 1),
            (567, 525, NULL, NULL, 30, NULL, NULL, NULL, NULL),
            (568, 526, NULL, NULL, 8, 1, 'knowledge', 1, NULL),
            (569, 527, NULL, NULL, 9, NULL, NULL, NULL, 1),
            (570, 528, NULL, NULL, 91, NULL, NULL, NULL, NULL),
            (571, 529, NULL, NULL, 31, NULL, NULL, NULL, NULL),
            (572, 530, NULL, NULL, 33, NULL, NULL, NULL, 1),
            (573, 531, NULL, NULL, 125, NULL, NULL, NULL, 1),
            (574, 532, NULL, NULL, 94, NULL, NULL, NULL, NULL),
            (575, 533, NULL, NULL, 2, NULL, NULL, NULL, 1),
            (576, 534, NULL, NULL, 145, NULL, NULL, NULL, 1),
            (577, 535, NULL, NULL, 65, NULL, NULL, NULL, 1),
            (578, 536, NULL, NULL, 43, 6, 'keyword', 0, 1),
            (579, 537, NULL, NULL, 43, 8, 'keyword', 0, 1),
            (580, 538, NULL, NULL, 43, 20, 'keyword', 0, 1),
            (581, 539, NULL, NULL, 43, 21, 'keyword', 0, 1),
            (582, 540, 2, 1, 87, NULL, NULL, NULL, 1),
            (583, 541, NULL, NULL, 1, 3, 'keyword', 0, 2),
            (584, 542, 3, 1, 42, NULL, NULL, NULL, 1),
            (585, 543, NULL, NULL, 32, NULL, NULL, NULL, 1),
            (586, 544, NULL, NULL, 39, NULL, NULL, NULL, 1),
            (587, 545, NULL, NULL, 117, NULL, NULL, NULL, NULL),
            (588, 546, NULL, NULL, 2, NULL, NULL, NULL, 1),
            (589, 547, 1, NULL, 42, NULL, NULL, NULL, 1),
            (590, 548, 2, NULL, 42, NULL, NULL, NULL, 1),
            (591, 549, NULL, NULL, 8, NULL, NULL, NULL, NULL),
            (592, 550, NULL, NULL, 8, NULL, NULL, NULL, NULL),
            (593, 551, NULL, NULL, 48, NULL, NULL, NULL, NULL),
            (594, 552, NULL, NULL, 23, NULL, NULL, NULL, 1),
            (595, 553, NULL, NULL, 18, 6, 'proficiency', 0, NULL),
            (596, 554, NULL, NULL, 97, NULL, NULL, NULL, NULL),
            (597, 555, NULL, NULL, 145, NULL, NULL, NULL, 1),
            (598, 555, NULL, NULL, 65, NULL, NULL, NULL, 1),
            (599, 556, NULL, 1, 43, 13, 'keyword', 0, 1),
            (600, 557, NULL, 1, 50, NULL, NULL, NULL, 1),
            (601, 558, NULL, NULL, 145, NULL, NULL, NULL, 1),
            (602, 559, NULL, NULL, 65, NULL, NULL, NULL, 1),
            (603, 560, NULL, NULL, 149, NULL, NULL, NULL, NULL),
            (604, 561, NULL, 1, 43, 13, 'keyword', 0, 1),
            (605, 562, NULL, 1, 43, 6, 'keyword', 0, 1),
            (606, 563, NULL, NULL, 156, NULL, NULL, NULL, 1),
            (607, 564, NULL, NULL, 11, NULL, NULL, NULL, 1),
            (608, 565, NULL, NULL, 2, NULL, NULL, NULL, 1),
            (609, 566, NULL, NULL, 3, 1, 'keyword', 0, NULL),
            (610, 566, NULL, NULL, 173, 1, 'keyword', 0, NULL),
            (611, 567, NULL, NULL, 28, NULL, NULL, NULL, 1),
            (612, 567, NULL, NULL, 7, NULL, NULL, NULL, 1),
            (613, 567, NULL, NULL, 174, NULL, NULL, NULL, NULL),
            (614, 567, NULL, NULL, 24, NULL, NULL, NULL, 1),
            (615, 568, NULL, NULL, 32, NULL, NULL, NULL, 1),
            (616, 568, NULL, NULL, 8, NULL, NULL, NULL, NULL),
            (617, 568, NULL, NULL, 10, NULL, NULL, NULL, 1),
            (618, 569, NULL, NULL, 140, NULL, NULL, NULL, NULL),
            (619, 569, NULL, NULL, 113, NULL, NULL, NULL, NULL),
            (620, 569, NULL, NULL, 8, 3, 'knowledge', 1, NULL),
            (621, 569, NULL, NULL, 8, 3, 'knowledge', 1, NULL),
            (622, 569, NULL, NULL, 31, NULL, NULL, NULL, NULL),
            (623, 570, NULL, NULL, 18, 6, 'proficiency', 0, NULL),
            (624, 570, NULL, NULL, 8, NULL, NULL, NULL, NULL),
            (625, 570, NULL, NULL, 144, NULL, NULL, NULL, NULL),
            (626, 570, NULL, NULL, 32, NULL, NULL, NULL, 2),
            (627, 571, NULL, NULL, 104, NULL, NULL, NULL, NULL),
            (628, 571, NULL, NULL, 48, NULL, NULL, NULL, NULL),
            (629, 571, NULL, NULL, 1, 3, 'keyword', 0, 1),
            (630, 572, NULL, NULL, 32, NULL, NULL, NULL, 1),
            (631, 572, NULL, NULL, 8, NULL, NULL, NULL, NULL),
            (632, 572, NULL, NULL, 10, NULL, NULL, NULL, 1),
            (633, 573, NULL, NULL, 5, 2, 'keyword', 0, 1),
            (634, 573, NULL, NULL, 39, NULL, NULL, NULL, 1),
            (635, 573, NULL, NULL, 62, NULL, NULL, NULL, NULL),
            (636, 574, NULL, NULL, 18, 6, 'proficiency', 0, NULL),
            (637, 574, NULL, NULL, 8, NULL, NULL, NULL, NULL),
            (638, 574, NULL, NULL, 144, NULL, NULL, NULL, NULL),
            (639, 574, NULL, NULL, 32, NULL, NULL, NULL, 2),
            (640, 575, NULL, NULL, 86, NULL, NULL, NULL, NULL),
            (641, 575, 2, 1, 87, NULL, NULL, NULL, 1),
            (642, 576, NULL, NULL, 93, NULL, NULL, NULL, NULL),
            (643, 577, NULL, NULL, 7, NULL, NULL, NULL, 1),
            (644, 577, NULL, NULL, 28, NULL, NULL, NULL, 1),
            (645, 577, NULL, NULL, 174, NULL, NULL, NULL, NULL),
            (646, 578, NULL, NULL, 140, NULL, NULL, NULL, NULL),
            (647, 578, NULL, NULL, 8, NULL, NULL, NULL, NULL),
            (648, 579, NULL, NULL, 78, NULL, NULL, NULL, 3),
            (649, 580, NULL, NULL, 9, NULL, NULL, NULL, 1),
            (650, 581, NULL, NULL, 12, NULL, NULL, NULL, 1),
            (651, 582, NULL, NULL, 155, NULL, NULL, NULL, 1),
            (652, 583, NULL, NULL, 2, NULL, NULL, NULL, 2),
            (653, 584, NULL, NULL, 14, 9, 'proficiency', 0, NULL),
            (654, 585, NULL, NULL, 15, 4, 'proficiency', 1, NULL),
            (655, 586, NULL, NULL, 6, 1, 'keyword', 0, 1),
            (656, 587, NULL, NULL, 18, 2, 'proficiency', 1, NULL),
            (657, 588, NULL, NULL, 7, NULL, NULL, NULL, 3),
            (658, 589, NULL, NULL, 155, NULL, NULL, NULL, 1),
            (659, 590, NULL, NULL, 153, NULL, NULL, NULL, 1),
            (660, 591, NULL, NULL, 118, NULL, NULL, NULL, NULL),
            (661, 592, 2, 1, 87, NULL, NULL, NULL, 2),
            (662, 593, NULL, NULL, 25, 7, 'proficiency', 0, 1),
            (663, 594, NULL, NULL, 112, NULL, NULL, NULL, NULL),
            (664, 594, NULL, NULL, 8, NULL, NULL, NULL, NULL),
            (665, 595, NULL, NULL, 141, NULL, NULL, NULL, 1),
            (666, 596, NULL, NULL, 28, NULL, NULL, NULL, 3),
            (667, 597, NULL, NULL, 143, NULL, NULL, NULL, 1),
            (668, 598, NULL, NULL, 122, NULL, NULL, NULL, NULL),
            (669, 598, NULL, NULL, 87, NULL, NULL, NULL, 2),
            (670, 599, NULL, NULL, 94, NULL, NULL, NULL, NULL),
            (671, 600, 2, 1, 42, NULL, NULL, NULL, 1),
            (672, 601, NULL, NULL, 71, NULL, NULL, NULL, NULL),
            (673, 602, NULL, NULL, 141, NULL, NULL, NULL, 1),
            (674, 603, NULL, NULL, 31, NULL, NULL, NULL, NULL),
            (675, 604, NULL, NULL, 32, NULL, NULL, NULL, 1),
            (676, 605, 2, 1, 72, NULL, NULL, NULL, 1),
            (677, 606, NULL, NULL, 101, NULL, NULL, NULL, 1),
            (678, 607, NULL, NULL, 5, 1, 'keyword', 0, 1),
            (679, 607, NULL, NULL, 44, 1, 'keyword', 0, 1),
            (680, 608, NULL, NULL, 55, NULL, NULL, NULL, 1),
            (681, 609, NULL, NULL, 98, NULL, NULL, NULL, NULL),
            (682, 610, NULL, NULL, 155, NULL, NULL, NULL, 2),
            (683, 611, 2, 1, 72, NULL, NULL, NULL, 1),
            (684, 612, NULL, NULL, 101, NULL, NULL, NULL, 1),
            (685, 613, NULL, NULL, 15, 1, 'proficiency', 1, NULL),
            (686, 614, NULL, NULL, 70, NULL, NULL, NULL, NULL),
            (687, 615, NULL, NULL, 17, NULL, NULL, NULL, NULL),
            (688, 615, NULL, NULL, 26, NULL, NULL, NULL, 1),
            (689, 616, NULL, NULL, 44, 14, 'keyword', 0, 1),
            (690, 617, NULL, NULL, 157, NULL, NULL, NULL, NULL),
            (691, 618, NULL, NULL, 12, NULL, NULL, NULL, 1),
            (692, 619, 2, 1, 87, NULL, NULL, NULL, 1),
            (693, 620, NULL, NULL, 37, 18, 'keyword', 0, 1),
            (694, 621, NULL, NULL, 37, 4, 'keyword', 0, 1),
            (695, 622, NULL, NULL, 106, NULL, NULL, NULL, NULL),
            (696, 622, 2, 1, 87, NULL, NULL, NULL, 1),
            (697, 623, NULL, 3, 80, NULL, NULL, NULL, 1),
            (698, 624, NULL, 3, 81, NULL, NULL, NULL, 1),
            (699, 625, NULL, NULL, 158, NULL, NULL, NULL, NULL),
            (700, 626, 1, 3, 52, NULL, NULL, NULL, 1),
            (701, 627, NULL, NULL, 129, NULL, NULL, NULL, NULL),
            (702, 628, NULL, NULL, 2, NULL, NULL, NULL, 2),
            (703, 629, NULL, NULL, 37, NULL, NULL, NULL, 1),
            (704, 630, NULL, NULL, 37, NULL, NULL, NULL, 1),
            (705, 631, NULL, NULL, 5, 14, 'keyword', 0, 1),
            (706, 632, NULL, NULL, 39, NULL, NULL, NULL, 1),
            (707, 633, NULL, NULL, 159, NULL, NULL, NULL, NULL),
            (708, 634, NULL, NULL, 63, NULL, NULL, NULL, NULL),
            (709, 635, NULL, NULL, 1, NULL, NULL, NULL, 1),
            (710, 636, NULL, NULL, 82, NULL, NULL, NULL, 1),
            (711, 637, NULL, NULL, 94, NULL, NULL, NULL, NULL),
            (712, 638, 2, 1, 52, NULL, NULL, NULL, 1),
            (713, 639, NULL, NULL, 67, NULL, NULL, NULL, NULL),
            (714, 639, NULL, NULL, 37, NULL, NULL, NULL, 1),
            (715, 640, NULL, NULL, 93, NULL, NULL, NULL, NULL),
            (716, 640, NULL, NULL, 35, NULL, NULL, NULL, 1),
            (717, 641, NULL, NULL, 47, NULL, NULL, NULL, 1),
            (718, 642, 1, 3, 53, NULL, NULL, NULL, 1),
            (719, 643, NULL, NULL, 124, 15, 'keyword', 0, 1),
            (720, 644, 2, 1, 81, NULL, NULL, NULL, 1),
            (721, 645, NULL, NULL, 5, 2, 'keyword', 0, 1),
            (722, 645, NULL, NULL, 58, NULL, NULL, NULL, NULL),
            (723, 646, 1, NULL, 80, NULL, NULL, NULL, 1),
            (724, 647, NULL, NULL, 124, 15, 'keyword', 0, 1),
            (725, 648, NULL, NULL, 126, NULL, NULL, NULL, NULL),
            (726, 649, 2, 1, 72, NULL, NULL, NULL, 1),
            (727, 650, NULL, NULL, 101, NULL, NULL, NULL, 1),
            (728, 651, NULL, NULL, 93, NULL, NULL, NULL, NULL),
            (729, 652, NULL, NULL, 26, NULL, NULL, NULL, 1),
            (730, 653, NULL, NULL, 8, 2, 'knowledge', 1, NULL),
            (731, 654, NULL, NULL, 122, NULL, NULL, NULL, NULL),
            (732, 655, NULL, NULL, 9, NULL, NULL, NULL, 1),
            (733, 656, NULL, NULL, 89, NULL, NULL, NULL, 1),
            (734, 657, NULL, NULL, 87, NULL, NULL, NULL, 2),
            (735, 658, NULL, NULL, 153, NULL, NULL, NULL, 1),
            (736, 659, NULL, NULL, 160, NULL, NULL, NULL, NULL),
            (737, 660, NULL, NULL, 15, 4, 'proficiency', 1, NULL),
            (738, 661, NULL, NULL, 86, NULL, NULL, NULL, NULL),
            (739, 662, NULL, NULL, 71, NULL, NULL, NULL, NULL),
            (740, 663, NULL, NULL, 104, NULL, NULL, NULL, NULL),
            (741, 664, NULL, NULL, 8, 2, 'knowledge', 1, NULL),
            (742, 664, NULL, NULL, 1, 3, 'keyword', 0, 1),
            (743, 665, NULL, NULL, 36, NULL, NULL, NULL, 1),
            (744, 666, NULL, NULL, 89, NULL, NULL, NULL, 1),
            (745, 667, NULL, NULL, 153, NULL, NULL, NULL, 1),
            (746, 668, NULL, NULL, 161, NULL, NULL, NULL, 1),
            (747, 669, NULL, NULL, 112, NULL, NULL, NULL, NULL),
            (748, 670, NULL, NULL, 9, NULL, NULL, NULL, 1),
            (749, 671, NULL, NULL, 162, NULL, NULL, NULL, NULL),
            (750, 672, NULL, NULL, 60, NULL, NULL, NULL, NULL),
            (751, 673, NULL, NULL, 128, NULL, NULL, NULL, NULL),
            (752, 674, NULL, NULL, 94, NULL, NULL, NULL, NULL),
            (753, 675, NULL, NULL, 161, NULL, NULL, NULL, 1),
            (754, 676, NULL, NULL, 101, NULL, NULL, NULL, 1),
            (755, 677, NULL, NULL, 25, 12, 'keyword', 0, 1),
            (756, 678, NULL, NULL, 6, 3, 'keyword', 0, 1),
            (757, 678, NULL, NULL, 5, 3, 'keyword', 0, 1),
            (758, 679, NULL, NULL, 39, NULL, NULL, NULL, 2),
            (759, 680, NULL, NULL, 54, NULL, NULL, NULL, NULL),
            (760, 681, NULL, NULL, 55, 4, 'keyword', 0, 1),
            (761, 682, NULL, NULL, 12, NULL, NULL, NULL, 3),
            (762, 683, NULL, NULL, 5, 3, 'keyword', 0, 1),
            (763, 683, NULL, NULL, 58, NULL, NULL, NULL, NULL),
            (764, 684, NULL, NULL, 55, NULL, NULL, NULL, 1),
            (765, 685, NULL, NULL, 62, NULL, NULL, NULL, NULL),
            (766, 685, NULL, NULL, 1, 3, 'keyword', 0, 1),
            (767, 686, NULL, NULL, 163, NULL, NULL, NULL, NULL),
            (768, 687, NULL, NULL, 13, NULL, NULL, NULL, 2),
            (769, 688, 2, 1, 81, NULL, NULL, NULL, 1),
            (770, 689, NULL, NULL, 14, 9, 'proficiency', 0, NULL),
            (771, 690, NULL, NULL, 15, 1, 'proficiency', 1, NULL),
            (772, 691, NULL, NULL, 86, NULL, NULL, NULL, NULL),
            (773, 692, NULL, NULL, 29, NULL, NULL, NULL, 1),
            (774, 693, NULL, NULL, 9, NULL, NULL, NULL, 1),
            (775, 694, NULL, NULL, 1, 4, 'keyword', 0, 1),
            (776, 695, NULL, NULL, 12, NULL, NULL, NULL, 1),
            (777, 696, NULL, NULL, 155, NULL, NULL, NULL, 1),
            (778, 697, NULL, 2, 87, NULL, NULL, NULL, 2),
            (779, 698, NULL, NULL, 70, NULL, NULL, NULL, NULL),
            (780, 699, NULL, NULL, 8, 1, 'knowledge', 1, NULL),
            (781, 700, NULL, NULL, 35, 4, 'keyword', 0, 1),
            (782, 701, NULL, NULL, 12, NULL, NULL, NULL, 1),
            (783, 702, NULL, NULL, 128, NULL, NULL, NULL, NULL),
            (784, 703, NULL, NULL, 161, NULL, NULL, NULL, 1),
            (785, 704, 2, 2, 42, NULL, NULL, NULL, 1),
            (786, 705, 2, 2, 42, NULL, NULL, NULL, 1),
            (787, 706, NULL, NULL, 95, NULL, NULL, NULL, NULL),
            (788, 707, NULL, NULL, 25, 12, 'keyword', 0, 1),
            (789, 708, NULL, NULL, 88, NULL, NULL, NULL, 1),
            (790, 709, NULL, NULL, 71, NULL, NULL, NULL, NULL),
            (791, 710, NULL, NULL, 29, NULL, NULL, NULL, 1),
            (792, 711, NULL, NULL, 122, NULL, NULL, NULL, NULL),
            (793, 711, 1, 2, 87, NULL, NULL, NULL, 2),
            (794, 712, NULL, NULL, 9, NULL, NULL, NULL, 1),
            (795, 713, NULL, NULL, 155, NULL, NULL, NULL, 1),
            (796, 713, NULL, NULL, 153, NULL, NULL, NULL, 1),
            (797, 714, NULL, NULL, 2, NULL, NULL, NULL, 2),
            (798, 715, NULL, NULL, 96, NULL, NULL, NULL, NULL),
            (799, 716, NULL, NULL, 5, 11, 'keyword', 0, 1),
            (800, 716, NULL, NULL, 44, 11, 'keyword', 0, 1),
            (801, 717, NULL, NULL, 55, 4, 'keyword', 0, 1),
            (802, 718, NULL, NULL, 35, NULL, NULL, NULL, 1),
            (803, 719, NULL, NULL, 82, NULL, NULL, NULL, 1),
            (804, 720, 2, 2, 72, NULL, NULL, NULL, 1),
            (805, 721, 5, 2, 42, NULL, NULL, NULL, 1),
            (806, 722, NULL, NULL, 55, 4, 'keyword', 0, 1),
            (807, 723, NULL, NULL, 99, NULL, NULL, NULL, NULL),
            (808, 724, NULL, NULL, 139, NULL, NULL, NULL, NULL),
            (809, 725, 2, 2, 72, NULL, NULL, NULL, 1),
            (810, 726, NULL, NULL, 101, NULL, NULL, NULL, 1),
            (811, 727, NULL, NULL, 15, 4, 'proficiency', 1, NULL),
            (812, 728, NULL, NULL, 6, 3, 'keyword', 0, 1),
            (813, 729, NULL, NULL, 104, NULL, NULL, NULL, NULL),
            (814, 730, NULL, NULL, 103, NULL, NULL, NULL, 1),
            (815, 731, NULL, NULL, 57, NULL, NULL, NULL, NULL),
            (816, 732, NULL, NULL, 19, NULL, NULL, NULL, NULL),
            (817, 733, NULL, NULL, 105, NULL, NULL, NULL, NULL),
            (818, 734, NULL, NULL, 32, NULL, NULL, NULL, 1),
            (819, 735, NULL, 1, 43, 22, 'keyword', 0, 1),
            (820, 736, 2, 1, 87, NULL, NULL, NULL, 2),
            (821, 737, NULL, NULL, 71, NULL, NULL, NULL, NULL),
            (822, 738, NULL, NULL, 164, NULL, NULL, NULL, NULL),
            (823, 739, NULL, NULL, 29, NULL, NULL, NULL, 1),
            (824, 740, NULL, NULL, 113, NULL, NULL, NULL, NULL),
            (825, 741, NULL, NULL, 8, 1, 'knowledge', 1, NULL),
            (826, 741, NULL, NULL, 32, NULL, NULL, NULL, 1),
            (827, 742, NULL, NULL, 82, NULL, NULL, NULL, 1),
            (828, 743, NULL, NULL, 128, NULL, NULL, NULL, NULL),
            (829, 744, NULL, 1, 43, 23, 'keyword', 0, 1),
            (830, 745, NULL, 1, 43, 22, 'keyword', 0, 1),
            (831, 746, 2, NULL, 42, NULL, NULL, NULL, 1),
            (832, 747, NULL, NULL, 103, NULL, NULL, NULL, 1),
            (833, 748, NULL, NULL, 106, NULL, NULL, NULL, NULL),
            (834, 749, NULL, NULL, 8, 1, 'knowledge', 1, NULL),
            (835, 750, NULL, NULL, 165, NULL, NULL, NULL, NULL),
            (836, 751, NULL, NULL, 138, NULL, NULL, NULL, NULL),
            (837, 752, NULL, NULL, 94, NULL, NULL, NULL, NULL),
            (838, 753, NULL, NULL, 161, NULL, NULL, NULL, 1),
            (839, 754, NULL, NULL, 161, NULL, NULL, NULL, 1),
            (840, 755, NULL, NULL, 166, NULL, NULL, NULL, NULL),
            (841, 756, NULL, NULL, 112, NULL, NULL, NULL, NULL),
            (842, 757, NULL, NULL, 104, NULL, NULL, NULL, NULL),
            (843, 757, NULL, NULL, 46, NULL, NULL, NULL, NULL),
            (844, 758, NULL, NULL, 39, NULL, NULL, NULL, 1),
            (845, 759, NULL, NULL, 29, NULL, NULL, NULL, 1),
            (846, 760, NULL, NULL, 167, NULL, NULL, NULL, NULL),
            (847, 760, NULL, NULL, 31, NULL, NULL, NULL, NULL),
            (848, 761, NULL, NULL, 60, NULL, NULL, NULL, NULL),
            (849, 761, 2, 1, 87, NULL, NULL, NULL, 1),
            (850, 762, NULL, NULL, 168, NULL, NULL, NULL, NULL),
            (851, 763, NULL, NULL, 5, 3, 'keyword', 0, 1),
            (852, 763, NULL, NULL, 44, 1, 'keyword', 0, 1),
            (853, 764, NULL, NULL, 169, NULL, NULL, NULL, NULL),
            (854, 765, 2, 1, 72, NULL, NULL, NULL, 1),
            (855, 766, NULL, NULL, 101, NULL, NULL, NULL, 1),
            (856, 767, NULL, NULL, 15, 1, 'proficiency', 1, NULL),
            (857, 768, NULL, NULL, 18, 2, 'proficiency', 1, NULL),
            (858, 769, NULL, NULL, 28, NULL, NULL, NULL, 1),
            (859, 770, NULL, NULL, 19, NULL, NULL, NULL, NULL),
            (860, 771, NULL, NULL, 8, 1, 'knowledge', 1, NULL),
            (861, 772, NULL, NULL, 10, NULL, NULL, NULL, 2),
            (862, 773, 2, 1, 87, NULL, NULL, NULL, 1),
            (863, 774, NULL, NULL, 37, 4, 'keyword', 0, 1),
            (864, 775, NULL, NULL, 24, NULL, NULL, NULL, 1),
            (865, 776, NULL, NULL, 70, NULL, NULL, NULL, NULL),
            (866, 777, NULL, NULL, 48, NULL, NULL, NULL, NULL),
            (867, 778, NULL, NULL, 8, NULL, NULL, NULL, NULL),
            (868, 778, NULL, NULL, 140, NULL, NULL, NULL, NULL),
            (869, 779, NULL, NULL, 35, 4, 'keyword', 0, 1),
            (870, 780, NULL, NULL, 73, NULL, NULL, NULL, 2),
            (871, 781, NULL, 1, 43, 16, 'keyword', 0, 1),
            (872, 782, NULL, NULL, 36, NULL, NULL, NULL, 1),
            (873, 783, NULL, 1, 43, 9, 'keyword', 0, 1),
            (874, 784, NULL, 1, 43, 5, 'keyword', 0, 1),
            (875, 785, NULL, NULL, 25, 8, 'proficiency', 0, 1),
            (876, 786, NULL, NULL, 141, NULL, NULL, NULL, 1),
            (877, 787, NULL, NULL, 8, 1, 'knowledge', 1, NULL),
            (878, 788, NULL, NULL, 35, NULL, NULL, NULL, 1),
            (879, 789, NULL, NULL, 167, NULL, NULL, NULL, NULL),
            (880, 789, NULL, NULL, 32, NULL, NULL, NULL, 1),
            (881, 790, NULL, NULL, 1, NULL, NULL, NULL, 1),
            (882, 791, NULL, 1, 43, 10, 'keyword', 0, 1),
            (883, 792, NULL, NULL, 170, NULL, NULL, NULL, 1),
            (884, 793, NULL, NULL, 171, NULL, NULL, NULL, NULL),
            (885, 794, NULL, NULL, 47, NULL, NULL, NULL, 1),
            (886, 795, NULL, NULL, 63, NULL, NULL, NULL, NULL),
            (887, 796, NULL, 1, 43, 16, 'keyword', 0, 2),
            (888, 797, NULL, 1, 43, 10, 'keyword', 0, 2),
            (889, 798, NULL, 1, 111, NULL, NULL, NULL, 2),
            (890, 799, NULL, NULL, 44, 1, 'keyword', 0, 1),
            (891, 799, NULL, NULL, 5, 2, 'keyword', 0, 1),
            (892, 800, NULL, NULL, 55, NULL, NULL, NULL, 1),
            (893, 801, NULL, NULL, 62, NULL, NULL, NULL, NULL),
            (894, 802, NULL, 1, 50, NULL, NULL, NULL, 1),
            (895, 803, NULL, NULL, 118, NULL, NULL, NULL, NULL),
            (896, 804, 2, NULL, 53, NULL, NULL, NULL, 1),
            (897, 805, NULL, NULL, 14, 5, 'proficiency', 1, NULL),
            (898, 806, NULL, NULL, 15, 4, 'proficiency', 0, NULL),
            (899, 807, NULL, NULL, 7, NULL, NULL, NULL, 1),
            (900, 807, NULL, NULL, 28, NULL, NULL, NULL, 1),
            (901, 807, NULL, NULL, 174, NULL, NULL, NULL, NULL),
            (902, 808, NULL, NULL, 140, NULL, NULL, NULL, NULL),
            (903, 808, NULL, NULL, 8, NULL, NULL, NULL, NULL),
            (904, 809, NULL, NULL, 42, NULL, NULL, NULL, 1),
            (905, 810, 1, NULL, 78, NULL, NULL, NULL, 1),
            (906, 811, NULL, NULL, 12, NULL, NULL, NULL, 1),
            (907, 812, NULL, NULL, 2, NULL, NULL, NULL, 1),
            (908, 813, NULL, NULL, 24, NULL, NULL, NULL, 1),
            (909, 814, NULL, NULL, 25, 8, 'proficiency', 0, 1),
            (910, 815, NULL, NULL, 44, 14, 'keyword', 0, 1),
            (911, 816, NULL, NULL, 172, NULL, NULL, NULL, NULL),
            (912, 817, 1, NULL, 42, NULL, NULL, NULL, 1),
            (913, 818, NULL, NULL, 35, 4, 'keyword', 0, 1),
            (914, 819, NULL, NULL, 73, NULL, NULL, NULL, 1),
            (915, 820, NULL, NULL, 10, NULL, NULL, NULL, 1),
            (916, 821, NULL, NULL, 1, 4, 'keyword', 0, 1),
            (917, 822, NULL, NULL, 2, NULL, NULL, NULL, 1),
            (918, 822, NULL, NULL, 37, 4, 'keyword', 0, 1),
            (919, 823, NULL, NULL, 70, NULL, NULL, NULL, NULL),
            (920, 824, NULL, NULL, 27, NULL, NULL, NULL, NULL),
            (921, 825, NULL, NULL, 141, NULL, NULL, NULL, 1),
            (922, 825, NULL, NULL, 28, NULL, NULL, NULL, 1),
            (923, 826, NULL, NULL, 7, NULL, NULL, NULL, 1),
            (924, 826, NULL, NULL, 142, NULL, NULL, NULL, NULL),
            (925, 827, NULL, NULL, 145, NULL, NULL, NULL, 1),
            (926, 827, NULL, NULL, 65, NULL, NULL, NULL, 1),
            (927, 828, NULL, 4, 80, NULL, NULL, NULL, 1),
            (928, 829, NULL, NULL, 12, NULL, NULL, NULL, 2),
            (929, 830, 2, NULL, 42, NULL, NULL, NULL, 1),
            (930, 831, NULL, NULL, 111, NULL, NULL, NULL, 1),
            (931, 832, NULL, NULL, 55, 4, 'keyword', 0, 1),
            (932, 833, NULL, NULL, 141, NULL, NULL, NULL, 1),
            (933, 833, NULL, NULL, 28, NULL, NULL, NULL, 1),
            (934, 834, NULL, NULL, 7, NULL, NULL, NULL, 1),
            (935, 834, NULL, NULL, 118, NULL, NULL, NULL, NULL),
            (936, 835, NULL, NULL, 35, 4, 'keyword', 0, 2),
            (937, 836, 1, NULL, 81, NULL, NULL, NULL, 1),
            (938, 837, 5, NULL, 42, NULL, NULL, NULL, 1),
            (939, 838, NULL, NULL, 44, 1, 'keyword', 0, 2),
            (940, 839, NULL, NULL, 55, NULL, NULL, NULL, 1),
            (941, 840, NULL, NULL, 75, NULL, NULL, NULL, NULL),
            (942, 841, NULL, NULL, 124, 15, 'keyword', 0, 1),
            (943, 842, NULL, NULL, 152, NULL, NULL, NULL, NULL);

####################################################################################################