
USE dbiykpinec1m8s;

INSERT INTO sim_active_codes
            (simCode, jobCode)
    VALUES  ('MAY25', 'ABC1234');

INSERT INTO items
            (abbr, name, tier, category, radio)	
    VALUES	('cmm_wid','CMM Widow',2,'arms',NULL),
            ('cmm_coc','CMM Cocoon',2,'arms',NULL),
            ('copycat','Copycat',0,'cust',NULL),
            ('phack_0','Pocket Hacker',0,'cust','ph'),
            ('phack_1','Pocket Hacker',1,'cust','ph'),
            ('deck_bud','Budget Cyberdeck',0,'deck','deck'),
            ('deck_crd_1','CRD Spider Cyberdeck',1,'deck','deck'),
            ('deck_crd_2','CRD Spider Cyberdeck',2,'deck','deck'),
            ('deck_jst','Johnny&#39;s Special Touch',1,'deck','deck'),
            ('deck_mm','MM Console',0,'deck','deck'),
            ('deck_uh9k','Power Glove [Ultra-Hacking 9000]',1,'impl','deck'),
            ('deck_fkd_0','FKD DC-17',0,'deck','deck'),
            ('deck_fkd_1','FKD DC-17',1,'deck','deck'),
            ('brad','Budget Remote Access Drive',0,'util',NULL),
            ('beac','CypherSync Beacon',0,'util',NULL),
            ('digi_pet','DigiPet',0,'util',NULL),
            ('nsg','Nerd&#39;s Safety Glasses',0,'util',NULL),
            ('impl_clec','CLEC Fingers',0,'impl',NULL),
            ('impl_mags','Canopic Jar [Magsweep]',0,'impl',NULL),
            ('shim_0','Shimmerstick',0,'cons',NULL),
            ('shim_1','Shimmerstick',1,'cons',NULL),
            ('vigil','Vigil',NULL,'cons',NULL);

INSERT INTO item_effects
            (abbr, use_loc, req_type, requirement, charges, per_type, notes)	
    VALUES	('cmm','init','function','Slip',1,'scene','+1 Tag'),
            ('copycat','confirm',NULL,NULL,1,'sim','Skip Action Timer'),
            ('phack_0','itemTab',NULL,NULL,1,'sim','+1 Tag'),
            ('phack_1','itemTab',NULL,NULL,2,'sim','+1 Tag'),
            ('deck_bud','itemTab',NULL,NULL,1,'sim','[DECK] +1 Tag'),
            ('deck_crd_1','itemTab',NULL,NULL,1,'sim','[DECK] +1 Tag'),
            ('deck_crd_2','itemTab',NULL,NULL,2,'sim','[DECK] +2 Tags'),
            ('deck_jst','auto_action',NULL,NULL,NULL,NULL,'Repeat > Access > All Icons > -1 Tag'),
            ('deck_mm','itemTab',NULL,NULL,2,'sim','[DECK] +1 Tag'),
            ('deck_uh9k','auto_init',NULL,NULL,NULL,NULL,'Timer -5s'),
            ('brad','before_after','function','Hacking',NULL,NULL,NULL),
            ('beac','auto_init',NULL,NULL,NULL,NULL,'+1 Hacking'),
            ('pet_play','itemTab',NULL,NULL,1,'sim','[Nothing except adds active effect]'),
            ('pet_use','execute','active_effect','pet_play',1,'scene','Complete Timer'),
            ('nsg','failed_puzzle',NULL,NULL,1,'sim','Re-attempt failed Puzzle'),
            ('impl_clec','init',NULL,NULL,1,'sim','+1 Hacking'),
            ('impl_mags','init',NULL,NULL,1,'sim','Perform Brick Action / Skip Timer'),
            ('shim_0','before_after',NULL,NULL,10,'item','+1 Tag to Costs; +30s on All Actions'),
            ('shim_1','before_after',NULL,NULL,10,'item','+1 Tag to Costs; +15s on All Actions'),
            ('vigil','init',NULL,NULL,1,'item',NULL);

INSERT INTO items_to_effects
            (item_abbr, effect_abbr)	
    VALUES	('cmm_wid','cmm'),
            ('cmm_coc','cmm'),
            ('copycat','copycat'),
            ('phack_0','phack_0'),
            ('phack_1','phack_1'),
            ('deck_bud','deck_bud'),
            ('deck_crd_1','deck_crd_1'),
            ('deck_crd_2','deck_crd_2'),
            ('deck_jst','deck_jst'),
            ('deck_mm','deck_mm'),
            ('deck_uh9k','deck_uh9k'),
            ('brad','brad'),
            ('beac','beac'),
            ('digi_pet','pet_play'),
            ('digi_pet','pet_use'),
            ('nsg','nsg'),
            ('impl_clec','impl_clec'),
            ('impl_mags','impl_mags'),
            ('shim_0','shim_0'),
            ('shim_1','shim_1'),
            ('vigil','vigil');

####################################################################################################
###
###     SELF REPORT
###
####################################################################################################

INSERT INTO sr_roles
            (id, name, discovered)
    VALUES  (1, 'Standard', 1),
            (2, 'Advocate', 1),
            (3, 'Anthrack', 1),
            (4, 'Bastion', 1),
            (5, 'Breacher', 1),
            (6, 'Dissimulator', 1),
            (7, 'Mastermind', 1),
            (8, 'Polymath', 1),
            (9, 'Revenant', 1),
            (10, 'Scoundrel', 1),
            (11, 'Slipstream', 1),
            (12, 'Trauma Jack', 1),
            (13, 'Warden', 1),
            (14, 'Scavenger', 1),
            (15, 'Centurion', 1),
            (16, 'Crime Boss', 1),
            (17, 'Investigator', 1),
            (18, 'People&#39;s Champion', 1),
            (19, 'Veteran', 1),
            (20, 'Artificial Intelligence', 0),
            (21, 'Barrower', 0),
            (22, 'Brawler', 0),
            (23, 'Courtesan', 0),
            (24, 'CRD Spider', 0),
            (25, 'Neon Prophet', 0),
            (26, 'Officer', 0),
            (27, 'Scalpel', 0);

INSERT INTO sr_paths
            (id, role_id, name)
    VALUES  (1, 15, 'Shield'),
            (2, 15, 'Sword'),
            (3, 16, 'Kingpin'),
            (4, 16, 'Puppeteer'),
            (5, 17, 'Brutal'),
            (6, 17, 'Cunning'),
            (7, 18, 'Reclaimer'),
            (8, 18, 'Vanguard'),
            (9, 19, 'Seasoned Specialist'),
            (10, 19, 'Guardian Mentor'),
            (11, 20, 'Core'),
            (12, 20, 'Hive');

INSERT INTO sr_mods
            (id, name)
    VALUES  (1, 'Power'),
            (2, 'Targeted'),
            (3, 'Room'),
            (4, 'Ranged'),
            (5, 'Area');

INSERT INTO sr_sources
            (id, name)
    VALUES  (1, 'Social'),
            (2, 'Tech'),
            (3, 'Melee'),
            (4, 'Ranged');

INSERT INTO sr_keywords
            (id, name)
    VALUES  (1, 'All'),
            (2, 'Random'),
            (3, 'Social'),
            (4, 'Ranged'),
            (5, 'Tough'),
            (6, 'Nix'),
            (7, 'Dodge'),
            (8, 'Pain'),
            (9, 'Fear'),
            (10, 'Daze'),
            (11, 'Tech'),
            (12, 'Suit'),
            (13, 'Resist'),
            (14, 'Martial'),
            (15, '5s'),
            (16, 'Break'),
            (17, 'Knockback'),
            (18, 'Melee'),
            (19, 'Slip'),
            (20, 'Root'),
            (21, 'Disarm'),
            (22, 'Silence'),
            (23, 'Resist (Social)');

INSERT INTO sr_choice_cats
            (id, friendly_name)
    VALUES  (1, '[WEAP_PROFS]'),
            (2, '[CRAFT]'),
            (3, '[ARMOR_LIGHT-HEAVY]'),
            (4, '[WEAP_1H]'),
            (5, '[SHIELD_PROFS]');

INSERT INTO sr_choices
            (cat_id, choice)
    VALUES  (1, 'One-Handed Melee'),
            (1, 'One-Handed Ranged'),
            (1, 'Two-Handed Melee'),
            (1, 'Two-Handed Ranged'),
            (2, 'Armor &amp; Weapons'),
            (2, 'Utility'),
            (3, 'Light'),
            (3, 'Heavy'),
            (4, 'One-Handed Melee'),
            (4, 'One-Handed Ranged'),
            (5, 'Small'),
            (5, 'Large');

INSERT INTO sr_know_cats
            (id, friendly_name)
    VALUES  (1, '[KNOW_ALL]'),
            (2, '[KNOW_FACT]'),
            (3, '[KNOW_CORP]');

INSERT INTO sr_knowledges
            (id, know_name, is_corp, is_fact, discovered)
    VALUES  (1, 'Agriculture', 0, 0, 1),
            (2, 'Architecture', 0, 0, 1),
            (3, 'Electronics', 0, 0, 1),
            (4, 'Explosives &amp; Weapons', 0, 0, 1),
            (5, 'Hacking &amp; DigiSec', 0, 0, 1),
            (6, 'Medical', 0, 0, 1),
            (7, 'Law', 0, 0, 1),
            (8, 'Underworld', 0, 0, 1),
            (9, 'CLEC', 1, 0, 1),
            (10, 'Debutantalus', 1, 0, 1),
            (11, 'Fuji Krupp Dynamics', 1, 0, 1),
            (12, 'Kruger', 1, 0, 1),
            (13, 'LAVI', 1, 0, 1),
            (14, 'Muny', 1, 0, 1),
            (15, 'Ra Energy Unlimited', 1, 0, 1),
            (16, 'ReMed', 1, 0, 1),
            (17, 'Nutrigen International', 1, 0, 1),
            (18, 'Winton Firearms', 1, 0, 1),
            (19, 'Moggers', 0, 1, 1),
            (20, 'Golden Triangle', 0, 1, 1),
            (21, 'Hovercraft', 0, 0, 1),
            (22, 'Artificial Intelligence', 0, 0, 0),
            (23, 'Union', 0, 1, 0);

INSERT INTO sr_functions
            (id, name, keyworded, type)
    VALUES  (1, 'Resist', 1, 'charges'),
            (2, 'Strength', 0, 'ranked'),
            (3, 'Weapon Proficiency', 1, 'unique'),
            (4, 'Button Masher', 0, 'ranked'),
            (5, 'Connections', 1, 'charges'),
            (6, 'Contractor', 1, 'charges'),
            (7, 'First Aid', 0, 'ranked'),
            (8, 'Knowledge', 1, 'unique'),
            (9, 'Pick Locks', 0, 'ranked'),
            (10, 'Professional', 0, 'ranked'),
            (11, 'Repair', 0, 'ranked'),
            (12, 'Scout', 0, 'ranked'),
            (13, 'Supply Chain', 0, 'ranked'),
            (14, 'Advanced Shield Proficiency', 1, 'unique'),
            (15, 'Advanced Weapon Proficiency', 1, 'unique'),
            (16, 'Ammo Hound', 0, 'unique'),
            (17, 'Bind', 0, 'unique'),
            (18, 'Craft', 1, 'unique'),
            (19, 'Influential', 0, 'unique'),
            (20, 'Infohound', 0, 'unique'),
            (21, 'Performance', 0, 'unique'),
            (22, 'Project Consultant', 0, 'unique'),
            (23, 'Scavenge', 0, 'ranked'),
            (24, 'Under Pressure', 0, 'ranked'),
            (25, 'Advanced Armor Proficiency', 1, 'ranked'),
            (26, 'Escape Binds', 0, 'ranked'),
            (27, 'Explosives', 0, 'unique'),
            (28, 'Fix Limb', 0, 'ranked'),
            (29, 'Hacking', 0, 'ranked'),
            (30, 'Instructor', 0, 'unique'),
            (31, 'Reporter', 0, 'unique'),
            (32, 'Research', 0, 'ranked'),
            (33, 'Resilient', 0, 'ranked'),
            (34, 'Tight-Lipped', 0, 'unique'),
            (35, 'Nix', 1, 'charges'),
            (36, 'Outgoing', 0, 'ranked'),
            (37, 'Tough', 1, 'charges'),
            (38, 'Appeasement', 0, 'unique'),
            (39, 'Dig Dirt', 0, 'ranked'),
            (40, 'Embolden', 0, 'unique'),
            (41, 'Excuse Me!', 0, 'unique'),
            (42, 'Fear', 0, 'charges'),
            (43, 'Bestow', 1, 'charges'),
            (44, 'Closer', 1, 'charges'),
            (45, 'Counterargument', 0, 'charges'),
            (46, 'Etiquette', 0, 'unique'),
            (47, 'Hometown Hero', 0, 'charges'),
            (48, 'Know Everyone', 0, 'unique'),
            (49, 'Pep Talk', 0, 'unique'),
            (50, 'Refresh', 0, 'charges'),
            (51, 'Socialite', 0, 'unique'),
            (52, 'Root', 0, 'charges'),
            (53, 'Daze', 0, 'charges'),
            (54, 'Disguise', 0, 'unique'),
            (55, 'Dodge', 1, 'charges'),
            (56, 'Fortify', 0, 'ranked'),
            (57, 'Gossiper', 0, 'unique'),
            (58, 'Popular', 0, 'unique'),
            (59, 'Ace of All Trades', 0, 'unique'),
            (60, 'Rumormonger', 0, 'unique'),
            (61, 'Encourage', 0, 'charges'),
            (62, 'Know Somebody', 0, 'unique'),
            (63, 'Leadership', 0, 'unique'),
            (64, 'Energizing', 0, 'unique'),
            (65, 'Protector', 0, 'charges'),
            (66, 'Siphon Charge', 0, 'unique'),
            (67, 'Durable', 0, 'unique'),
            (68, 'Field Repair', 0, 'ranked'),
            (69, 'Sabotage', 0, 'unique'),
            (70, 'Armed To The Teeth', 0, 'unique'),
            (71, 'Dark Web Operator', 0, 'unique'),
            (72, 'Lock', 0, 'charges'),
            (73, 'Patroller', 0, 'ranked'),
            (74, 'Reassign', 0, 'unique'),
            (75, 'Expert Bodyguard', 0, 'unique'),
            (76, 'Meshhead', 0, 'unique'),
            (77, 'Suppressing Force', 0, 'unique'),
            (78, 'Pain', 0, 'charges'),
            (79, 'Sunder', 0, 'unique'),
            (80, 'Break', 0, 'charges'),
            (81, 'Disarm', 0, 'charges'),
            (82, 'Scary', 0, 'charges'),
            (83, 'Juggernaut', 1, 'charges'),
            (84, 'Juggernaut, Improved', 0, 'unique'),
            (85, 'Master of Pain', 0, 'unique'),
            (86, 'Alarm Sense', 0, 'unique'),
            (87, 'Silence', 0, 'charges'),
            (88, 'Backdoor', 0, 'ranked'),
            (89, 'Pick Pocket', 0, 'ranked'),
            (90, 'Ping', 0, 'charges'),
            (91, 'Plant Traps', 0, 'unique'),
            (92, 'Repeat', 0, 'ranked'),
            (93, 'Escape', 0, 'unique'),
            (94, 'Slippery Target', 0, 'unique'),
            (95, 'Wipe Your Tracks', 0, 'unique'),
            (96, 'Brick', 0, 'unique'),
            (97, 'Junkyard Jockey', 0, 'unique'),
            (98, 'Experimenter', 0, 'unique'),
            (99, 'Rigged', 0, 'unique'),
            (100, 'Root Exploit', 0, 'unique'),
            (101, 'Treacherous', 0, 'charges'),
            (102, 'Brand', 0, 'charges'),
            (103, 'Forgery', 0, 'ranked'),
            (104, 'Deceptive', 0, 'unique'),
            (105, 'Manipulative', 0, 'unique'),
            (106, 'Intimidate', 0, 'unique'),
            (107, 'Lambaste', 0, 'charges'),
            (108, 'Bully', 0, 'unique'),
            (109, 'Slander', 0, 'unique'),
            (110, 'Jury-Rigged', 0, 'unique'),
            (111, 'Cleanse', 0, 'charges'),
            (112, 'Dark Web Merchant', 0, 'unique'),
            (113, 'Know-It-All', 0, 'unique'),
            (114, 'Educator', 0, 'unique'),
            (115, 'Meticulous', 0, 'unique'),
            (116, 'Machine Whisperer', 0, 'unique'),
            (117, 'Project Manager', 0, 'unique'),
            (118, 'Surgery', 0, 'unique'),
            (119, 'Brute', 0, 'unique'),
            (120, 'Brutal', 0, 'charges'),
            (121, 'Ambusher', 0, 'unique'),
            (122, 'Muffle', 0, 'unique'),
            (123, 'Quell', 0, 'unique'),
            (124, 'Rage', 1, 'charges'),
            (125, 'Scramble', 0, 'charges'),
            (126, 'Rage, Improved', 0, 'unique'),
            (127, 'Terrifying', 0, 'unique'),
            (128, 'Shoot First', 0, 'unique'),
            (129, 'Sneak Attack', 0, 'unique'),
            (130, 'Witty Retort', 0, 'unique'),
            (131, 'Cutout', 0, 'unique'),
            (132, 'Deride', 0, 'unique'),
            (133, 'Bladeward', 0, 'unique'),
            (134, 'Knockback', 0, 'charges'),
            (135, 'Swashbuckler', 0, 'unique'),
            (136, 'Streamjack', 0, 'unique'),
            (137, 'Gosspier', 0, 'unique'),
            (138, 'Mask', 0, 'unique'),
            (139, 'Root Device', 0, 'unique'),
            (140, 'Medic', 0, 'unique'),
            (141, 'Field Triage', 0, 'ranked'),
            (142, 'Medical Stasis', 0, 'unique'),
            (143, 'Miracle Worker', 0, 'charges'),
            (144, 'Rapid Crafting', 0, 'unique'),
            (145, 'Interfere', 0, 'charges'),
            (146, 'Retaliate', 0, 'unique'),
            (147, 'Living Blockade', 0, 'unique'),
            (148, 'Immovable', 0, 'unique'),
            (149, 'Protective Ward', 0, 'unique'),
            (150, 'Protective Ward, Improved', 0, 'unique'),
            (151, '*', 0, 'unique'),
            (152, 'Unstoppable', 0, 'unique'),
            (153, 'Sneak', 0, 'charges'),
            (154, 'Quick Diversion', 0, 'unique'),
            (155, 'Slip', 0, 'charges'),
            (156, 'Inspire', 0, 'charges'),
            (157, 'Savage', 0, 'unique'),
            (158, 'Mettle', 0, 'unique'),
            (159, 'Invictus', 0, 'unique'),
            (160, 'Velvet Tag', 0, 'unique'),
            (161, 'Spy', 0, 'ranked'),
            (162, 'Red Herring', 0, 'unique'),
            (163, 'Silver Tongue', 0, 'unique'),
            (164, 'Digital Bloodhound', 0, 'unique'),
            (165, 'Market of Whispers', 0, 'unique'),
            (166, 'Thorough', 0, 'unique'),
            (167, 'Project Lead', 0, 'unique'),
            (168, 'Blackmail', 0, 'unique'),
            (169, 'Networking', 0, 'unique'),
            (170, 'Walk It Off', 0, 'charges'),
            (171, 'Breakout', 0, 'unique'),
            (172, 'Extraction Expert', 0, 'unique'),
            (173, 'Shield Proficiency', 1, 'unique'),
            (174, 'Stabilize', 0, 'unique'),
            (175, 'Combat Meshhead', 0, 'unique');

INSERT INTO sr_role_functions
            (entry_id, role_id, path_id, tier, mod_id, source_id, func_id, keyword_id, choice_type, `rank`)
    VALUES  (1, 1, NULL, 1, NULL, NULL, 1, NULL, NULL, 1),
            (2, 1, NULL, 1, NULL, NULL, 2, NULL, NULL, 1),
            (3, 1, NULL, 1, NULL, NULL, 3, 1, 'static', NULL),
            (3, 1, NULL, 1, NULL, NULL, 173, 1, 'static', NULL),
            (4, 1, NULL, 1, NULL, NULL, 4, NULL, NULL, 1),
            (5, 1, NULL, 1, NULL, NULL, 5, 2, 'static', 1),
            (6, 1, NULL, 1, NULL, NULL, 6, 2, 'static', 1),
            (7, 1, NULL, 1, NULL, NULL, 7, NULL, NULL, 1),
            (7, 1, NULL, 1, NULL, NULL, 174, NULL, NULL, NULL),
            (8, 1, NULL, 1, NULL, NULL, 8, 1, 'know', NULL),
            (9, 1, NULL, 1, NULL, NULL, 9, NULL, NULL, 1),
            (10, 1, NULL, 1, NULL, NULL, 10, NULL, NULL, 1),
            (11, 1, NULL, 1, NULL, NULL, 11, NULL, NULL, 1),
            (12, 1, NULL, 1, NULL, NULL, 12, NULL, NULL, 1),
            (13, 1, NULL, 1, NULL, NULL, 13, NULL, NULL, 1),
            (14, 1, NULL, 2, NULL, NULL, 14, NULL, NULL, NULL),
            (15, 1, NULL, 2, NULL, NULL, 15, 1, 'choice', NULL),
            (16, 1, NULL, 2, NULL, NULL, 16, NULL, NULL, NULL),
            (17, 1, NULL, 2, NULL, NULL, 17, NULL, NULL, NULL),
            (18, 1, NULL, 2, NULL, NULL, 18, 2, 'choice', NULL),
            (19, 1, NULL, 2, NULL, NULL, 19, NULL, NULL, NULL),
            (20, 1, NULL, 2, NULL, NULL, 20, NULL, NULL, NULL),
            (21, 1, NULL, 2, NULL, NULL, 8, 1, 'know', NULL),
            (22, 1, NULL, 2, NULL, NULL, 21, NULL, NULL, NULL),
            (23, 1, NULL, 2, NULL, NULL, 22, NULL, NULL, NULL),
            (24, 1, NULL, 2, NULL, NULL, 23, NULL, NULL, 1),
            (25, 1, NULL, 2, NULL, NULL, 12, NULL, NULL, 1),
            (26, 1, NULL, 2, NULL, NULL, 24, NULL, NULL, 1),
            (27, 1, NULL, 3, NULL, NULL, 25, 3, 'choice', 1),
            (28, 1, NULL, 3, NULL, NULL, 26, NULL, NULL, 1),
            (29, 1, NULL, 3, NULL, NULL, 27, NULL, NULL, NULL),
            (30, 1, NULL, 3, NULL, NULL, 28, NULL, NULL, 1),
            (31, 1, NULL, 3, NULL, NULL, 29, NULL, NULL, 1),
            (32, 1, NULL, 3, NULL, NULL, 30, NULL, NULL, NULL),
            (33, 1, NULL, 3, NULL, NULL, 8, 1, 'know', NULL),
            (34, 1, NULL, 3, NULL, NULL, 31, NULL, NULL, NULL),
            (35, 1, NULL, 3, NULL, NULL, 32, NULL, NULL, 1),
            (36, 1, NULL, 3, NULL, NULL, 32, NULL, NULL, 1),
            (37, 1, NULL, 3, NULL, NULL, 33, NULL, NULL, 1),
            (38, 1, NULL, 3, NULL, NULL, 2, NULL, NULL, 1),
            (39, 1, NULL, 3, NULL, NULL, 34, NULL, NULL, NULL),
            (40, 2, NULL, 1, NULL, NULL, 14, NULL, NULL, NULL),
            (41, 2, NULL, 1, NULL, NULL, 15, 1, 'choice', NULL),
            (42, 2, NULL, 1, NULL, NULL, 6, 3, 'static', 1),
            (43, 2, NULL, 1, NULL, NULL, 19, NULL, NULL, NULL),
            (44, 2, NULL, 1, NULL, NULL, 35, 4, 'static', 1),
            (45, 2, NULL, 1, NULL, NULL, 36, NULL, NULL, 1),
            (46, 2, NULL, 1, NULL, NULL, 21, NULL, NULL, NULL),
            (47, 2, NULL, 1, NULL, NULL, 1, 3, 'static', 2),
            (48, 2, NULL, 1, NULL, NULL, 37, NULL, NULL, 1),
            (49, 2, NULL, 2, NULL, NULL, 38, NULL, NULL, NULL),
            (50, 2, NULL, 2, NULL, NULL, 5, 2, 'static', 1),
            (51, 2, NULL, 2, NULL, NULL, 39, NULL, NULL, 1),
            (52, 2, NULL, 2, NULL, NULL, 40, NULL, NULL, NULL),
            (53, 2, NULL, 2, NULL, NULL, 41, NULL, NULL, NULL),
            (54, 2, NULL, 2, NULL, NULL, 42, NULL, NULL, 1),
            (55, 2, NULL, 2, NULL, NULL, 1, NULL, NULL, 1),
            (56, 2, NULL, 2, NULL, 1, 43, 5, 'static', 1),
            (57, 2, NULL, 2, NULL, NULL, 34, NULL, NULL, NULL),
            (57, 2, NULL, 2, NULL, NULL, 5, 3, 'static', 1),
            (58, 2, NULL, 3, NULL, 1, 43, 5, 'static', 1),
            (59, 2, NULL, 3, NULL, NULL, 44, 1, 'static', 1),
            (60, 2, NULL, 3, NULL, NULL, 45, NULL, NULL, 1),
            (61, 2, NULL, 3, NULL, NULL, 46, NULL, NULL, NULL),
            (62, 2, NULL, 3, NULL, NULL, 47, NULL, NULL, 1),
            (63, 2, NULL, 3, NULL, NULL, 48, NULL, NULL, NULL),
            (64, 2, NULL, 3, NULL, NULL, 35, NULL, NULL, 1),
            (65, 2, NULL, 3, 1, NULL, 42, NULL, NULL, 1),
            (66, 2, NULL, 4, NULL, 1, 43, 6, 'static', 1),
            (67, 2, NULL, 4, NULL, NULL, 5, 2, 'static', 1),
            (68, 2, NULL, 4, NULL, NULL, 49, NULL, NULL, NULL),
            (69, 2, NULL, 4, NULL, NULL, 50, NULL, NULL, 1),
            (70, 2, NULL, 4, NULL, NULL, 51, NULL, NULL, NULL),
            (71, 2, NULL, 4, 2, 1, 52, NULL, NULL, 1),
            (72, 2, NULL, 5, NULL, 1, 43, 7, 'static', 1),
            (73, 2, NULL, 5, NULL, NULL, 44, 1, 'static', 1),
            (73, 2, NULL, 5, NULL, NULL, 5, 2, 'static', 1),
            (74, 2, NULL, 5, NULL, NULL, 53, NULL, NULL, 1),
            (75, 2, NULL, 5, NULL, NULL, 54, NULL, NULL, NULL),
            (76, 2, NULL, 5, NULL, NULL, 55, NULL, NULL, 1),
            (77, 2, NULL, 5, NULL, NULL, 56, NULL, NULL, 1),
            (78, 3, NULL, 1, NULL, 1, 43, 8, 'static', 1),
            (79, 3, NULL, 1, NULL, NULL, 57, NULL, NULL, NULL),
            (80, 3, NULL, 1, NULL, NULL, 19, NULL, NULL, NULL),
            (81, 3, NULL, 1, NULL, NULL, 48, NULL, NULL, NULL),
            (82, 3, NULL, 1, NULL, NULL, 8, 1, 'know', NULL),
            (83, 3, NULL, 1, NULL, NULL, 36, NULL, NULL, 1),
            (84, 3, NULL, 1, NULL, NULL, 21, NULL, NULL, NULL),
            (85, 3, NULL, 1, NULL, NULL, 1, 3, 'static', 1),
            (86, 3, NULL, 1, NULL, NULL, 34, NULL, NULL, NULL),
            (87, 3, NULL, 2, NULL, NULL, 44, 1, 'static', 1),
            (88, 3, NULL, 2, NULL, NULL, 6, 2, 'static', 1),
            (89, 3, NULL, 2, NULL, NULL, 6, 3, 'static', 1),
            (90, 3, NULL, 2, NULL, NULL, 39, NULL, NULL, 1),
            (91, 3, NULL, 2, NULL, NULL, 47, NULL, NULL, 1),
            (92, 3, NULL, 2, NULL, NULL, 58, NULL, NULL, NULL),
            (92, 3, NULL, 2, NULL, 1, 111, NULL, NULL, 1),
            (93, 3, NULL, 2, NULL, NULL, 1, 3, 'static', 2),
            (94, 3, NULL, 2, NULL, 1, 43, 9, 'static', 1),
            (95, 3, NULL, 2, 2, 1, 42, NULL, NULL, 1),
            (96, 3, NULL, 3, NULL, NULL, 59, NULL, NULL, NULL),
            (97, 3, NULL, 3, NULL, NULL, 25, NULL, NULL, 1),
            (98, 3, NULL, 3, NULL, NULL, 5, 2, 'static', 1),
            (99, 3, NULL, 3, NULL, NULL, 35, NULL, NULL, 1),
            (100, 3, NULL, 3, NULL, NULL, 49, NULL, NULL, NULL),
            (101, 3, NULL, 3, NULL, NULL, 22, NULL, NULL, NULL),
            (101, 3, NULL, 3, NULL, NULL, 167, NULL, NULL, NULL),
            (102, 3, NULL, 3, NULL, NULL, 60, NULL, NULL, NULL),
            (103, 3, NULL, 3, NULL, 1, 50, NULL, NULL, 1),
            (104, 3, NULL, 4, NULL, NULL, 6, 2, 'static', 2),
            (105, 3, NULL, 4, NULL, NULL, 61, NULL, NULL, 1),
            (106, 3, NULL, 4, NULL, NULL, 62, NULL, NULL, NULL),
            (107, 3, NULL, 4, NULL, NULL, 63, NULL, NULL, NULL),
            (108, 3, NULL, 4, NULL, 1, 43, 5, 'static', 1),
            (109, 3, NULL, 4, NULL, 1, 50, NULL, NULL, 1),
            (110, 3, NULL, 5, NULL, 1, 43, 10, 'static', 1),
            (111, 3, NULL, 5, NULL, NULL, 44, 1, 'static', 1),
            (111, 3, NULL, 5, NULL, NULL, 5, 2, 'static', 1),
            (112, 3, NULL, 5, NULL, NULL, 6, 2, 'static', 1),
            (112, 3, NULL, 5, NULL, NULL, 5, 2, 'static', 1),
            (113, 3, NULL, 5, NULL, NULL, 55, NULL, NULL, 1),
            (114, 3, NULL, 5, NULL, NULL, 64, NULL, NULL, NULL),
            (115, 3, NULL, 5, NULL, 1, 50, NULL, NULL, 1),
            (116, 4, NULL, 1, NULL, NULL, 14, NULL, NULL, NULL),
            (117, 4, NULL, 1, NULL, NULL, 15, 1, 'choice', NULL),
            (118, 4, NULL, 1, NULL, NULL, 4, NULL, NULL, 1),
            (119, 4, NULL, 1, NULL, NULL, 44, 11, 'static', 1),
            (120, 4, NULL, 1, NULL, NULL, 65, NULL, NULL, 1),
            (121, 4, NULL, 1, NULL, NULL, 65, NULL, NULL, 1),
            (122, 4, NULL, 1, NULL, NULL, 11, NULL, NULL, 1),
            (123, 4, NULL, 1, NULL, NULL, 1, 4, 'static', 1),
            (124, 4, NULL, 1, NULL, NULL, 66, NULL, NULL, NULL),
            (125, 4, NULL, 2, NULL, NULL, 14, NULL, NULL, NULL),
            (126, 4, NULL, 2, NULL, NULL, 44, 11, 'static', 1),
            (126, 4, NULL, 2, NULL, NULL, 65, NULL, NULL, 1),
            (127, 4, NULL, 2, NULL, NULL, 67, NULL, NULL, NULL),
            (128, 4, NULL, 2, NULL, NULL, 68, NULL, NULL, 1),
            (129, 4, NULL, 2, NULL, NULL, 29, NULL, NULL, 1),
            (130, 4, NULL, 2, NULL, NULL, 35, NULL, NULL, 1),
            (131, 4, NULL, 2, NULL, NULL, 11, NULL, NULL, 2),
            (132, 4, NULL, 2, NULL, NULL, 69, NULL, NULL, NULL),
            (133, 4, NULL, 2, NULL, NULL, 37, NULL, NULL, 1),
            (134, 4, NULL, 3, NULL, NULL, 25, 12, 'static', 1),
            (135, 4, NULL, 3, NULL, NULL, 70, NULL, NULL, NULL),
            (136, 4, NULL, 3, NULL, NULL, 71, NULL, NULL, NULL),
            (137, 4, NULL, 3, NULL, 2, 72, NULL, NULL, 1),
            (138, 4, NULL, 3, NULL, NULL, 73, NULL, NULL, 1),
            (139, 4, NULL, 3, NULL, NULL, 74, NULL, NULL, NULL),
            (140, 4, NULL, 3, NULL, NULL, 1, NULL, NULL, 2),
            (141, 4, NULL, 3, NULL, NULL, 37, NULL, NULL, 1),
            (142, 4, NULL, 4, NULL, 2, 43, 13, 'static', 1),
            (143, 4, NULL, 4, NULL, NULL, 5, 11, 'static', 2),
            (144, 4, NULL, 4, NULL, NULL, 55, NULL, NULL, 1),
            (145, 4, NULL, 4, NULL, NULL, 56, NULL, NULL, 1),
            (146, 4, NULL, 4, NULL, NULL, 29, NULL, NULL, 2),
            (147, 4, NULL, 4, 3, 2, 52, NULL, NULL, 1),
            (148, 4, NULL, 5, NULL, NULL, 55, NULL, NULL, 1),
            (149, 4, NULL, 5, NULL, NULL, 75, NULL, NULL, NULL),
            (150, 4, NULL, 5, NULL, NULL, 76, NULL, NULL, NULL),
            (150, 4, NULL, 5, NULL, NULL, 175, NULL, NULL, NULL),
            (151, 4, NULL, 5, NULL, NULL, 35, NULL, NULL, 1),
            (151, 4, NULL, 5, NULL, NULL, 1, NULL, NULL, 1),
            (152, 4, NULL, 5, NULL, NULL, 33, NULL, NULL, 2),
            (152, 4, NULL, 5, NULL, NULL, 37, NULL, NULL, 1),
            (153, 4, NULL, 5, 3, 2, 72, NULL, NULL, 1),
            (154, 5, NULL, 1, NULL, NULL, 15, 1, 'choice', NULL),
            (155, 5, NULL, 1, NULL, NULL, 15, 1, 'choice', NULL),
            (156, 5, NULL, 1, NULL, NULL, 70, NULL, NULL, NULL),
            (157, 5, NULL, 1, NULL, NULL, 17, NULL, NULL, NULL),
            (158, 5, NULL, 1, NULL, NULL, 77, NULL, NULL, NULL),
            (159, 5, NULL, 1, NULL, NULL, 44, 14, 'static', 1),
            (160, 5, NULL, 1, NULL, NULL, 78, NULL, NULL, 2),
            (161, 5, NULL, 1, NULL, NULL, 23, NULL, NULL, 1),
            (162, 5, NULL, 1, NULL, NULL, 37, 4, 'static', 1),
            (163, 5, NULL, 2, NULL, NULL, 79, NULL, NULL, NULL),
            (164, 5, NULL, 2, NULL, NULL, 5, 14, 'static', 1),
            (165, 5, NULL, 2, NULL, NULL, 27, NULL, NULL, NULL),
            (166, 5, NULL, 2, NULL, NULL, 35, 4, 'static', 1),
            (167, 5, NULL, 2, NULL, NULL, 73, NULL, NULL, 1),
            (168, 5, NULL, 2, 1, NULL, 78, NULL, NULL, 1),
            (169, 5, NULL, 2, 4, NULL, 80, NULL, NULL, 1),
            (170, 5, NULL, 2, NULL, NULL, 12, NULL, NULL, 1),
            (171, 5, NULL, 2, 2, NULL, 78, NULL, NULL, 1),
            (172, 5, NULL, 3, NULL, NULL, 6, 14, 'static', 1),
            (173, 5, NULL, 3, NULL, NULL, 81, NULL, NULL, 1),
            (174, 5, NULL, 3, NULL, NULL, 67, NULL, NULL, NULL),
            (175, 5, NULL, 3, NULL, NULL, 35, 4, 'static', 1),
            (176, 5, NULL, 3, NULL, NULL, 33, NULL, NULL, 1),
            (177, 5, NULL, 3, NULL, NULL, 69, NULL, NULL, NULL),
            (178, 5, NULL, 3, NULL, NULL, 82, NULL, NULL, 1),
            (179, 5, NULL, 3, NULL, NULL, 2, NULL, NULL, 2),
            (180, 5, NULL, 4, NULL, NULL, 80, NULL, NULL, 1),
            (181, 5, NULL, 4, NULL, NULL, 83, 15, 'static', 1),
            (182, 5, NULL, 4, NULL, NULL, 83, 15, 'static', 1),
            (183, 5, NULL, 4, 1, NULL, 78, NULL, NULL, 2),
            (184, 5, NULL, 4, NULL, NULL, 1, NULL, NULL, 1),
            (185, 5, NULL, 4, NULL, NULL, 12, NULL, NULL, 2),
            (186, 5, NULL, 5, NULL, NULL, 55, 4, 'static', 1),
            (187, 5, NULL, 5, NULL, NULL, 83, 15, 'static', 1),
            (188, 5, NULL, 5, NULL, NULL, 84, NULL, NULL, NULL),
            (189, 5, NULL, 5, NULL, NULL, 85, NULL, NULL, NULL),
            (190, 5, NULL, 5, 1, NULL, 80, NULL, NULL, 1),
            (191, 5, NULL, 5, NULL, NULL, 33, NULL, NULL, 1),
            (191, 5, NULL, 5, NULL, NULL, 37, NULL, NULL, 1),
            (192, 6, NULL, 1, NULL, NULL, 86, NULL, NULL, NULL),
            (193, 6, NULL, 1, NULL, NULL, 26, NULL, NULL, 1),
            (194, 6, NULL, 1, NULL, NULL, 29, NULL, NULL, 1),
            (195, 6, NULL, 1, NULL, NULL, 72, NULL, NULL, 1),
            (196, 6, NULL, 1, NULL, NULL, 9, NULL, NULL, 1),
            (197, 6, NULL, 1, NULL, NULL, 23, NULL, NULL, 1),
            (198, 6, NULL, 1, NULL, NULL, 23, NULL, NULL, 1),
            (199, 6, NULL, 1, 2, 2, 78, NULL, NULL, 1),
            (200, 6, NULL, 1, 2, 2, 87, NULL, NULL, 1),
            (201, 6, NULL, 2, NULL, NULL, 88, NULL, NULL, 1),
            (202, 6, NULL, 2, NULL, NULL, 29, NULL, NULL, 1),
            (203, 6, NULL, 2, NULL, NULL, 89, NULL, NULL, 1),
            (204, 6, NULL, 2, NULL, NULL, 90, NULL, NULL, 1),
            (205, 6, NULL, 2, NULL, NULL, 91, NULL, NULL, NULL),
            (206, 6, NULL, 2, NULL, NULL, 92, NULL, NULL, 1),
            (207, 6, NULL, 2, NULL, NULL, 1, 4, 'static', 1),
            (208, 6, NULL, 2, NULL, NULL, 13, NULL, NULL, 1),
            (209, 6, NULL, 2, 2, 2, 87, NULL, NULL, 1),
            (210, 6, NULL, 3, NULL, NULL, 93, NULL, NULL, NULL),
            (211, 6, NULL, 3, NULL, NULL, 8, 1, 'know', NULL),
            (212, 6, NULL, 3, NULL, NULL, 1, NULL, NULL, 1),
            (213, 6, NULL, 3, NULL, NULL, 69, NULL, NULL, NULL),
            (214, 6, NULL, 3, NULL, NULL, 12, NULL, NULL, 3),
            (215, 6, NULL, 3, NULL, NULL, 94, NULL, NULL, NULL),
            (216, 6, NULL, 3, 2, 2, 81, NULL, NULL, 2),
            (217, 6, NULL, 3, NULL, NULL, 95, NULL, NULL, NULL),
            (218, 6, NULL, 4, NULL, NULL, 25, NULL, NULL, 1),
            (219, 6, NULL, 4, NULL, NULL, 88, NULL, NULL, 1),
            (220, 6, NULL, 4, NULL, NULL, 96, NULL, NULL, NULL),
            (221, 6, NULL, 4, NULL, NULL, 55, 4, 'static', 1),
            (222, 6, NULL, 4, NULL, NULL, 97, NULL, NULL, NULL),
            (223, 6, NULL, 4, NULL, NULL, 74, NULL, NULL, NULL),
            (224, 6, NULL, 5, NULL, NULL, 55, NULL, NULL, 1),
            (225, 6, NULL, 5, NULL, NULL, 98, NULL, NULL, NULL),
            (226, 6, NULL, 5, NULL, NULL, 99, NULL, NULL, NULL),
            (227, 6, NULL, 5, 3, 2, 72, NULL, NULL, 1),
            (228, 6, NULL, 5, NULL, NULL, 100, NULL, NULL, NULL),
            (229, 6, NULL, 5, NULL, NULL, 101, NULL, NULL, 1),
            (230, 7, NULL, 1, NULL, NULL, 86, NULL, NULL, NULL),
            (231, 7, NULL, 1, NULL, NULL, 102, NULL, NULL, 1),
            (232, 7, NULL, 1, NULL, NULL, 39, NULL, NULL, 1),
            (233, 7, NULL, 1, NULL, NULL, 26, NULL, NULL, 1),
            (234, 7, NULL, 1, NULL, NULL, 103, NULL, NULL, 1),
            (235, 7, NULL, 1, NULL, NULL, 19, NULL, NULL, NULL),
            (236, 7, NULL, 1, NULL, NULL, 32, NULL, NULL, 1),
            (237, 7, NULL, 1, NULL, NULL, 1, 3, 'static', 1),
            (238, 7, NULL, 1, 2, 1, 87, NULL, NULL, 1),
            (239, 7, NULL, 2, NULL, NULL, 104, NULL, NULL, NULL),
            (240, 7, NULL, 2, NULL, NULL, 39, NULL, NULL, 1),
            (240, 7, NULL, 2, NULL, NULL, 137, NULL, NULL, NULL),
            (241, 7, NULL, 2, NULL, NULL, 93, NULL, NULL, NULL),
            (242, 7, NULL, 2, NULL, NULL, 105, NULL, NULL, NULL),
            (243, 7, NULL, 2, NULL, NULL, 36, NULL, NULL, 1),
            (244, 7, NULL, 2, NULL, NULL, 1, 3, 'static', 2),
            (245, 7, NULL, 2, NULL, NULL, 82, NULL, NULL, 1),
            (246, 7, NULL, 2, NULL, NULL, 94, NULL, NULL, NULL),
            (247, 7, NULL, 2, 2, 1, 87, NULL, NULL, 1),
            (248, 7, NULL, 3, NULL, NULL, 106, NULL, NULL, NULL),
            (249, 7, NULL, 3, NULL, NULL, 8, 1, 'know', NULL),
            (250, 7, NULL, 3, NULL, NULL, 107, NULL, NULL, 1),
            (251, 7, NULL, 3, NULL, NULL, 35, 4, 'static', 1),
            (252, 7, NULL, 3, 1, NULL, 42, NULL, NULL, 1),
            (253, 7, NULL, 3, NULL, NULL, 60, NULL, NULL, NULL),
            (254, 7, NULL, 3, NULL, NULL, 12, NULL, NULL, 2),
            (255, 7, NULL, 3, 2, 1, 42, NULL, NULL, 1),
            (255, 7, NULL, 3, 2, 1, 87, NULL, NULL, 1),
            (256, 7, NULL, 4, NULL, NULL, 108, NULL, NULL, NULL),
            (257, 7, NULL, 4, NULL, NULL, 63, NULL, NULL, NULL),
            (258, 7, NULL, 4, 1, NULL, 72, NULL, NULL, 1),
            (259, 7, NULL, 4, NULL, NULL, 109, NULL, NULL, NULL),
            (260, 7, NULL, 4, 2, 1, 42, NULL, NULL, 1),
            (260, 7, NULL, 4, 2, 1, 87, NULL, NULL, 1),
            (261, 7, NULL, 4, NULL, NULL, 101, NULL, NULL, 1),
            (262, 7, NULL, 5, NULL, NULL, 55, 4, 'static', 1),
            (263, 7, NULL, 5, NULL, 1, 50, NULL, NULL, 1),
            (264, 7, NULL, 5, NULL, NULL, 51, NULL, NULL, NULL),
            (265, 7, NULL, 5, 2, 1, 72, NULL, NULL, 1),
            (265, 7, NULL, 5, 2, 1, 87, NULL, NULL, 1),
            (266, 7, NULL, 5, 2, 1, 72, NULL, NULL, 1),
            (266, 7, NULL, 5, 2, 1, 87, NULL, NULL, 1),
            (267, 7, NULL, 5, NULL, NULL, 101, NULL, NULL, 1),
            (268, 8, NULL, 1, NULL, 2, 43, 8, 'static', 2),
            (269, 8, NULL, 1, NULL, NULL, 4, NULL, NULL, 1),
            (270, 8, NULL, 1, NULL, NULL, 18, 2, 'choice', NULL),
            (271, 8, NULL, 1, NULL, NULL, 8, 1, 'know', NULL),
            (272, 8, NULL, 1, NULL, NULL, 29, NULL, NULL, 1),
            (273, 8, NULL, 1, NULL, NULL, 10, NULL, NULL, 1),
            (274, 8, NULL, 1, NULL, NULL, 22, NULL, NULL, NULL),
            (275, 8, NULL, 1, NULL, NULL, 32, NULL, NULL, 1),
            (276, 8, NULL, 1, NULL, NULL, 13, NULL, NULL, 1),
            (277, 8, NULL, 2, NULL, NULL, 18, 2, 'choice', NULL),
            (278, 8, NULL, 2, NULL, NULL, 68, NULL, NULL, 1),
            (279, 8, NULL, 2, NULL, NULL, 30, NULL, NULL, NULL),
            (280, 8, NULL, 2, NULL, NULL, 110, NULL, NULL, NULL),
            (280, 8, NULL, 2, NULL, NULL, 144, NULL, NULL, NULL),
            (281, 8, NULL, 2, NULL, NULL, 8, 1, 'know', NULL),
            (282, 8, NULL, 2, NULL, NULL, 8, 1, 'know', NULL),
            (283, 8, NULL, 2, NULL, NULL, 31, NULL, NULL, NULL),
            (284, 8, NULL, 2, NULL, NULL, 32, NULL, NULL, 1),
            (285, 8, NULL, 2, NULL, NULL, 1, 4, 'static', 1),
            (286, 8, NULL, 3, NULL, NULL, 111, NULL, NULL, 2),
            (287, 8, NULL, 3, NULL, NULL, 112, NULL, NULL, NULL),
            (288, 8, NULL, 3, NULL, NULL, 103, NULL, NULL, 1),
            (289, 8, NULL, 3, NULL, NULL, 113, NULL, NULL, NULL),
            (289, 8, NULL, 3, NULL, NULL, 8, 1, 'know', NULL),
            (290, 8, NULL, 3, NULL, NULL, 35, NULL, NULL, 1),
            (291, 8, NULL, 3, NULL, NULL, 1, NULL, NULL, 1),
            (292, 8, NULL, 3, NULL, NULL, 69, NULL, NULL, NULL),
            (293, 8, NULL, 3, NULL, NULL, 13, NULL, NULL, 1),
            (294, 8, NULL, 4, NULL, NULL, 25, 12, 'static', 1),
            (295, 8, NULL, 4, NULL, 2, 43, 16, 'static', 1),
            (296, 8, NULL, 4, NULL, 2, 43, 17, 'static', 1),
            (297, 8, NULL, 4, NULL, NULL, 114, NULL, NULL, NULL),
            (298, 8, NULL, 4, NULL, NULL, 97, NULL, NULL, NULL),
            (298, 8, NULL, 4, NULL, NULL, 23, NULL, NULL, 1),
            (299, 8, NULL, 4, NULL, NULL, 50, NULL, NULL, 1),
            (300, 8, NULL, 5, NULL, NULL, 115, NULL, NULL, NULL),
            (300, 8, NULL, 5, NULL, NULL, 32, NULL, NULL, 1),
            (301, 8, NULL, 5, NULL, NULL, 55, NULL, NULL, 1),
            (302, 8, NULL, 5, NULL, NULL, 98, NULL, NULL, NULL),
            (303, 8, NULL, 5, NULL, NULL, 116, NULL, NULL, NULL),
            (304, 8, NULL, 5, NULL, NULL, 117, NULL, NULL, NULL),
            (305, 8, NULL, 5, NULL, NULL, 118, NULL, NULL, NULL),
            (306, 9, NULL, 1, NULL, NULL, 15, 1, 'choice', NULL),
            (307, 9, NULL, 1, NULL, NULL, 17, NULL, NULL, NULL),
            (308, 9, NULL, 1, NULL, NULL, 119, NULL, NULL, NULL),
            (309, 9, NULL, 1, NULL, 3, 52, NULL, NULL, 1),
            (310, 9, NULL, 1, 1, NULL, 87, NULL, NULL, 2),
            (311, 9, NULL, 1, NULL, NULL, 82, NULL, NULL, 1),
            (312, 9, NULL, 1, NULL, NULL, 23, NULL, NULL, 1),
            (313, 9, NULL, 1, NULL, NULL, 12, NULL, NULL, 1),
            (314, 9, NULL, 1, NULL, NULL, 37, 18, 'static', 1),
            (315, 9, NULL, 2, NULL, NULL, 70, NULL, NULL, NULL),
            (316, 9, NULL, 2, NULL, NULL, 120, NULL, NULL, 1),
            (317, 9, NULL, 2, NULL, 3, 72, NULL, NULL, 1),
            (318, 9, NULL, 2, NULL, NULL, 35, 18, 'static', 1),
            (319, 9, NULL, 2, NULL, NULL, 73, NULL, NULL, 1),
            (320, 9, NULL, 2, NULL, NULL, 91, NULL, NULL, NULL),
            (321, 9, NULL, 2, 1, NULL, 42, NULL, NULL, 1),
            (322, 9, NULL, 2, NULL, NULL, 69, NULL, NULL, NULL),
            (323, 9, NULL, 2, NULL, NULL, 37, NULL, NULL, 1),
            (324, 9, NULL, 3, NULL, NULL, 121, NULL, NULL, NULL),
            (325, 9, NULL, 3, NULL, NULL, 122, NULL, NULL, NULL),
            (325, 9, NULL, 3, 1, NULL, 87, NULL, NULL, 1),
            (326, 9, NULL, 3, 1, NULL, 42, NULL, NULL, 1),
            (326, 9, NULL, 3, 1, NULL, 52, NULL, NULL, 1),
            (327, 9, NULL, 3, NULL, NULL, 123, NULL, NULL, NULL),
            (328, 9, NULL, 3, NULL, NULL, 124, 15, 'static', 1),
            (329, 9, NULL, 3, NULL, NULL, 23, NULL, NULL, 1),
            (330, 9, NULL, 3, NULL, NULL, 12, NULL, NULL, 2),
            (331, 9, NULL, 3, NULL, NULL, 125, NULL, NULL, 1),
            (332, 9, NULL, 4, NULL, NULL, 97, NULL, NULL, NULL),
            (333, 9, NULL, 4, 1, NULL, 80, NULL, NULL, 1),
            (334, 9, NULL, 4, NULL, NULL, 124, 15, 'static', 1),
            (335, 9, NULL, 4, NULL, NULL, 126, NULL, NULL, NULL),
            (336, 9, NULL, 4, 2, 1, 42, NULL, NULL, 1),
            (337, 9, NULL, 4, NULL, NULL, 127, NULL, NULL, NULL),
            (338, 9, NULL, 5, NULL, NULL, 5, 14, 'static', 1),
            (338, 9, NULL, 5, NULL, NULL, 44, 14, 'static', 1),
            (339, 9, NULL, 5, NULL, NULL, 55, 4, 'static', 1),
            (340, 9, NULL, 5, 1, NULL, 80, NULL, NULL, 1),
            (341, 9, NULL, 5, NULL, NULL, 124, 15, 'static', 1),
            (342, 9, NULL, 5, 2, 1, 42, NULL, NULL, 2),
            (343, 9, NULL, 5, NULL, NULL, 101, NULL, NULL, 1),
            (344, 10, NULL, 1, NULL, NULL, 15, 1, 'choice', NULL),
            (345, 10, NULL, 1, NULL, NULL, 104, NULL, NULL, NULL),
            (346, 10, NULL, 1, NULL, NULL, 93, NULL, NULL, NULL),
            (347, 10, NULL, 1, NULL, NULL, 19, NULL, NULL, NULL),
            (348, 10, NULL, 1, NULL, 3, 81, NULL, NULL, 1),
            (349, 10, NULL, 1, NULL, NULL, 89, NULL, NULL, 1),
            (350, 10, NULL, 1, NULL, NULL, 1, 3, 'static', 1),
            (351, 10, NULL, 1, NULL, NULL, 128, NULL, NULL, NULL),
            (352, 10, NULL, 1, NULL, NULL, 129, NULL, NULL, NULL),
            (353, 10, NULL, 1, NULL, NULL, 130, NULL, NULL, NULL),
            (354, 10, NULL, 2, NULL, NULL, 15, 1, 'choice', NULL),
            (355, 10, NULL, 2, NULL, NULL, 5, 3, 'static', 1),
            (356, 10, NULL, 2, NULL, NULL, 6, 2, 'static', 1),
            (356, 10, NULL, 2, NULL, NULL, 44, 3, 'static', 1),
            (357, 10, NULL, 2, NULL, NULL, 131, NULL, NULL, NULL),
            (358, 10, NULL, 2, NULL, NULL, 132, NULL, NULL, NULL),
            (359, 10, NULL, 2, NULL, NULL, 39, NULL, NULL, 1),
            (360, 10, NULL, 2, NULL, NULL, 62, NULL, NULL, NULL),
            (361, 10, NULL, 2, NULL, NULL, 36, NULL, NULL, 1),
            (362, 10, NULL, 2, NULL, 4, 81, NULL, NULL, 1),
            (363, 10, NULL, 2, NULL, NULL, 1, 4, 'static', 1),
            (364, 10, NULL, 3, NULL, NULL, 133, NULL, NULL, NULL),
            (365, 10, NULL, 3, NULL, NULL, 5, 2, 'static', 1),
            (366, 10, NULL, 3, NULL, NULL, 47, NULL, NULL, 1),
            (367, 10, NULL, 3, NULL, NULL, 106, NULL, NULL, NULL),
            (367, 10, NULL, 3, NULL, NULL, 60, NULL, NULL, NULL),
            (368, 10, NULL, 3, NULL, 3, 134, NULL, NULL, 1),
            (369, 10, NULL, 3, NULL, NULL, 35, 4, 'static', 1),
            (370, 10, NULL, 3, NULL, NULL, 123, NULL, NULL, NULL),
            (371, 10, NULL, 3, NULL, NULL, 94, NULL, NULL, NULL),
            (372, 10, NULL, 3, NULL, NULL, 135, NULL, NULL, NULL),
            (373, 10, NULL, 4, NULL, NULL, 5, 2, 'static', 1),
            (373, 10, NULL, 4, NULL, NULL, 58, NULL, NULL, NULL),
            (374, 10, NULL, 4, NULL, NULL, 71, NULL, NULL, NULL),
            (375, 10, NULL, 4, NULL, NULL, 27, NULL, NULL, NULL),
            (376, 10, NULL, 4, NULL, 3, 53, NULL, NULL, 1),
            (377, 10, NULL, 4, NULL, NULL, 35, 18, 'static', 1),
            (378, 10, NULL, 4, NULL, 4, 134, NULL, NULL, 1),
            (379, 10, NULL, 5, NULL, NULL, 54, NULL, NULL, NULL),
            (380, 10, NULL, 5, NULL, NULL, 55, NULL, NULL, 1),
            (381, 10, NULL, 5, 2, NULL, 81, NULL, NULL, 1),
            (382, 10, NULL, 5, 2, 1, 81, NULL, NULL, 1),
            (383, 10, NULL, 5, NULL, NULL, 101, NULL, NULL, 1),
            (384, 11, NULL, 1, NULL, NULL, 15, 1, 'choice', NULL),
            (385, 11, NULL, 1, NULL, NULL, 44, 11, 'static', 1),
            (386, 11, NULL, 1, NULL, NULL, 6, 11, 'static', 1),
            (387, 11, NULL, 1, NULL, NULL, 8, 1, 'know', NULL),
            (388, 11, NULL, 1, NULL, NULL, 78, NULL, NULL, 1),
            (389, 11, NULL, 1, NULL, NULL, 1, 4, 'static', 1),
            (390, 11, NULL, 1, NULL, NULL, 23, NULL, NULL, 1),
            (391, 11, NULL, 1, NULL, NULL, 136, NULL, NULL, NULL),
            (392, 11, NULL, 1, NULL, NULL, 95, NULL, NULL, NULL),
            (393, 11, NULL, 2, NULL, NULL, 70, NULL, NULL, NULL),
            (394, 11, NULL, 2, NULL, NULL, 5, 11, 'static', 1),
            (395, 11, NULL, 2, NULL, NULL, 6, 11, 'static', 1),
            (396, 11, NULL, 2, NULL, NULL, 93, NULL, NULL, NULL),
            (397, 11, NULL, 2, NULL, NULL, 29, NULL, NULL, 1),
            (398, 11, NULL, 2, NULL, NULL, 1, NULL, NULL, 1),
            (399, 11, NULL, 2, NULL, 2, 81, NULL, NULL, 1),
            (400, 11, NULL, 2, NULL, 2, 72, NULL, NULL, 1),
            (401, 11, NULL, 2, NULL, 2, 87, NULL, NULL, 2),
            (402, 11, NULL, 3, NULL, NULL, 71, NULL, NULL, NULL),
            (403, 11, NULL, 3, NULL, NULL, 104, NULL, NULL, NULL),
            (404, 11, NULL, 3, NULL, NULL, 81, NULL, NULL, 1),
            (405, 11, NULL, 3, NULL, NULL, 72, NULL, NULL, 1),
            (406, 11, NULL, 3, NULL, NULL, 35, NULL, NULL, 1),
            (407, 11, NULL, 3, NULL, NULL, 92, NULL, NULL, 2),
            (408, 11, NULL, 3, NULL, NULL, 128, NULL, NULL, NULL),
            (409, 11, NULL, 3, NULL, 2, 72, NULL, NULL, 1),
            (410, 11, NULL, 4, NULL, NULL, 25, 12, 'static', 1),
            (411, 11, NULL, 4, NULL, NULL, 80, NULL, NULL, 1),
            (412, 11, NULL, 4, NULL, NULL, 55, 4, 'static', 1),
            (413, 11, NULL, 4, NULL, NULL, 137, NULL, NULL, NULL),
            (414, 11, NULL, 4, NULL, NULL, 138, NULL, NULL, NULL),
            (415, 11, NULL, 4, 1, NULL, 72, NULL, NULL, 1),
            (416, 11, NULL, 5, NULL, NULL, 5, 11, 'static', 2),
            (416, 11, NULL, 5, NULL, NULL, 6, 11, 'static', 2),
            (417, 11, NULL, 5, NULL, NULL, 55, NULL, NULL, 1),
            (418, 11, NULL, 5, NULL, NULL, 29, NULL, NULL, 2),
            (419, 11, NULL, 5, 3, 2, 81, NULL, NULL, 1),
            (420, 11, NULL, 5, 3, 2, 72, NULL, NULL, 1),
            (421, 11, NULL, 5, NULL, NULL, 139, NULL, NULL, NULL),
            (422, 12, NULL, 1, NULL, NULL, 6, 14, 'static', 1),
            (423, 12, NULL, 1, NULL, NULL, 42, NULL, NULL, 1),
            (424, 12, NULL, 1, NULL, NULL, 7, NULL, NULL, 1),
            (424, 12, NULL, 1, NULL, NULL, 28, NULL, NULL, 1),
            (424, 12, NULL, 1, NULL, NULL, 174, NULL, NULL, NULL),
            (425, 12, NULL, 1, NULL, NULL, 7, NULL, NULL, 3),
            (426, 12, NULL, 1, NULL, NULL, 140, NULL, NULL, NULL),
            (426, 12, NULL, 1, NULL, NULL, 8, NULL, NULL, NULL),
            (427, 12, NULL, 1, NULL, NULL, 78, NULL, NULL, 2),
            (428, 12, NULL, 1, NULL, NULL, 10, NULL, NULL, 1),
            (429, 12, NULL, 1, NULL, NULL, 37, 18, 'static', 1),
            (430, 12, NULL, 1, NULL, NULL, 37, 4, 'static', 1),
            (431, 12, NULL, 2, NULL, NULL, 25, NULL, NULL, 1),
            (432, 12, NULL, 2, NULL, NULL, 5, 14, 'static', 1),
            (433, 12, NULL, 2, NULL, NULL, 18, 2, 'choice', NULL),
            (434, 12, NULL, 2, NULL, NULL, 141, NULL, NULL, 1),
            (435, 12, NULL, 2, NULL, NULL, 7, NULL, NULL, 1),
            (435, 12, NULL, 2, NULL, NULL, 37, NULL, NULL, 1),
            (436, 12, NULL, 2, NULL, NULL, 28, NULL, NULL, 3),
            (437, 12, NULL, 2, NULL, NULL, 142, NULL, NULL, NULL),
            (438, 12, NULL, 2, NULL, NULL, 87, NULL, NULL, 1),
            (438, 12, NULL, 2, NULL, NULL, 155, NULL, NULL, 1),
            (439, 12, NULL, 2, NULL, NULL, 2, NULL, NULL, 2),
            (440, 12, NULL, 3, NULL, NULL, 111, NULL, NULL, 2),
            (441, 12, NULL, 3, NULL, NULL, 141, NULL, NULL, 1),
            (442, 12, NULL, 3, NULL, NULL, 8, 1, 'know', NULL),
            (443, 12, NULL, 3, NULL, NULL, 35, 4, 'static', 1),
            (444, 12, NULL, 3, NULL, NULL, 22, NULL, NULL, NULL),
            (444, 12, NULL, 3, NULL, NULL, 32, NULL, NULL, 1),
            (445, 12, NULL, 3, NULL, NULL, 13, NULL, NULL, 1),
            (446, 12, NULL, 3, NULL, NULL, 118, NULL, NULL, NULL),
            (447, 12, NULL, 3, 2, 1, 42, NULL, NULL, 1),
            (448, 12, NULL, 4, NULL, NULL, 71, NULL, NULL, NULL),
            (449, 12, NULL, 4, NULL, NULL, 55, 4, 'static', 1),
            (450, 12, NULL, 4, NULL, NULL, 141, NULL, NULL, 1),
            (451, 12, NULL, 4, NULL, NULL, 143, NULL, NULL, 1),
            (452, 12, NULL, 4, 1, NULL, 134, NULL, NULL, 1),
            (453, 12, NULL, 4, 2, 1, 42, NULL, NULL, 2),
            (454, 12, NULL, 5, NULL, NULL, 5, 2, 'static', 1),
            (454, 12, NULL, 5, NULL, NULL, 6, 2, 'static', 1),
            (455, 12, NULL, 5, NULL, NULL, 112, NULL, NULL, NULL),
            (456, 12, NULL, 5, NULL, NULL, 55, NULL, NULL, 1),
            (457, 12, NULL, 5, NULL, NULL, 98, NULL, NULL, NULL),
            (458, 12, NULL, 5, NULL, NULL, 144, NULL, NULL, NULL),
            (458, 12, NULL, 5, NULL, NULL, 32, NULL, NULL, 1),
            (459, 12, NULL, 5, NULL, NULL, 24, NULL, NULL, 3),
            (460, 13, NULL, 1, NULL, NULL, 14, NULL, NULL, NULL),
            (461, 13, NULL, 1, NULL, NULL, 15, 1, 'choice', NULL),
            (462, 13, NULL, 1, NULL, NULL, 44, 14, 'static', 1),
            (463, 13, NULL, 1, NULL, NULL, 5, 14, 'static', 1),
            (464, 13, NULL, 1, NULL, NULL, 67, NULL, NULL, NULL),
            (465, 13, NULL, 1, NULL, NULL, 145, NULL, NULL, 1),
            (466, 13, NULL, 1, NULL, NULL, 146, NULL, NULL, NULL),
            (467, 13, NULL, 1, NULL, NULL, 37, 18, 'static', 1),
            (468, 13, NULL, 1, NULL, NULL, 37, 4, 'static', 1),
            (469, 13, NULL, 2, NULL, NULL, 25, NULL, NULL, 1),
            (470, 13, NULL, 2, NULL, NULL, 44, 1, 'static', 1),
            (471, 13, NULL, 2, NULL, NULL, 6, 14, 'static', 1),
            (471, 13, NULL, 2, NULL, NULL, 145, NULL, NULL, 1),
            (472, 13, NULL, 2, NULL, NULL, 147, NULL, NULL, NULL),
            (473, 13, NULL, 2, NULL, NULL, 35, 4, 'static', 1),
            (474, 13, NULL, 2, 1, NULL, 78, NULL, NULL, 1),
            (475, 13, NULL, 2, NULL, NULL, 2, NULL, NULL, 2),
            (476, 13, NULL, 2, NULL, NULL, 37, 18, 'static', 2),
            (477, 13, NULL, 2, NULL, NULL, 37, 4, 'static', 2),
            (478, 13, NULL, 3, NULL, NULL, 44, 14, 'static', 1),
            (478, 13, NULL, 3, NULL, NULL, 145, NULL, NULL, 1),
            (479, 13, NULL, 3, NULL, NULL, 81, NULL, NULL, 1),
            (480, 13, NULL, 3, NULL, NULL, 56, NULL, NULL, 1),
            (481, 13, NULL, 3, NULL, NULL, 148, NULL, NULL, NULL),
            (482, 13, NULL, 3, NULL, NULL, 35, 14, 'static', 1),
            (483, 13, NULL, 3, NULL, NULL, 35, 18, 'static', 1),
            (484, 13, NULL, 3, NULL, NULL, 73, NULL, NULL, 1),
            (485, 13, NULL, 3, NULL, NULL, 149, NULL, NULL, NULL),
            (486, 13, NULL, 4, NULL, NULL, 70, NULL, NULL, NULL),
            (487, 13, NULL, 4, NULL, NULL, 80, NULL, NULL, 1),
            (488, 13, NULL, 4, NULL, NULL, 55, NULL, NULL, 1),
            (489, 13, NULL, 4, NULL, NULL, 150, NULL, NULL, NULL),
            (490, 13, NULL, 4, NULL, NULL, 33, NULL, NULL, 1),
            (491, 13, NULL, 4, NULL, NULL, 1, NULL, NULL, 1),
            (492, 13, NULL, 5, NULL, NULL, 25, 12, 'static', 1),
            (492, 13, NULL, 5, NULL, NULL, 2, NULL, NULL, 3),
            (493, 13, NULL, 5, NULL, NULL, 55, NULL, NULL, 1),
            (494, 13, NULL, 5, NULL, NULL, 75, NULL, NULL, NULL),
            (495, 13, NULL, 5, 1, NULL, 134, NULL, NULL, 1),
            (496, 13, NULL, 5, 2, NULL, 151, NULL, NULL, 2),
            (497, 13, NULL, 5, NULL, NULL, 152, NULL, NULL, NULL),
            (498, 14, NULL, 1, NULL, NULL, 1, NULL, NULL, 1),
            (499, 14, NULL, 1, NULL, NULL, 2, NULL, NULL, 1),
            (500, 14, NULL, 1, NULL, NULL, 3, 1, 'static', NULL),
            (500, 14, NULL, 1, NULL, NULL, 173, 1, 'static', NULL),
            (501, 14, NULL, 1, NULL, NULL, 6, 2, 'static', 1),
            (502, 14, NULL, 1, NULL, NULL, 26, NULL, NULL, 1),
            (503, 14, NULL, 1, NULL, NULL, 7, NULL, NULL, 1),
            (503, 14, NULL, 1, NULL, NULL, 174, NULL, NULL, NULL),
            (504, 14, NULL, 1, NULL, NULL, 8, 1, 'know', NULL),
            (505, 14, NULL, 1, NULL, NULL, 9, NULL, NULL, 1),
            (506, 14, NULL, 1, NULL, NULL, 11, NULL, NULL, 1),
            (507, 14, NULL, 1, NULL, NULL, 23, NULL, NULL, 1),
            (508, 14, NULL, 1, NULL, NULL, 12, NULL, NULL, 1),
            (509, 14, NULL, 1, NULL, NULL, 153, NULL, NULL, 1),
            (510, 14, NULL, 2, NULL, NULL, 14, NULL, NULL, NULL),
            (511, 14, NULL, 2, NULL, NULL, 17, NULL, NULL, NULL),
            (512, 14, NULL, 2, NULL, NULL, 18, 2, 'choice', NULL),
            (513, 14, NULL, 2, NULL, NULL, 93, NULL, NULL, NULL),
            (514, 14, NULL, 2, NULL, NULL, 97, NULL, NULL, NULL),
            (515, 14, NULL, 2, NULL, NULL, 73, NULL, NULL, 1),
            (516, 14, NULL, 2, NULL, NULL, 21, NULL, NULL, NULL),
            (517, 14, NULL, 2, NULL, NULL, 89, NULL, NULL, 1),
            (518, 14, NULL, 2, NULL, NULL, 154, NULL, NULL, NULL),
            (519, 14, NULL, 2, NULL, NULL, 155, NULL, NULL, 1),
            (520, 14, NULL, 2, NULL, NULL, 13, NULL, NULL, 1),
            (521, 14, NULL, 2, NULL, NULL, 24, NULL, NULL, 1),
            (522, 14, NULL, 3, NULL, NULL, 25, NULL, NULL, 1),
            (523, 14, NULL, 3, NULL, NULL, 43, 19, 'static', 1),
            (524, 14, NULL, 3, NULL, NULL, 26, NULL, NULL, 1),
            (525, 14, NULL, 3, NULL, NULL, 30, NULL, NULL, NULL),
            (526, 14, NULL, 3, NULL, NULL, 8, 1, 'know', NULL),
            (527, 14, NULL, 3, NULL, NULL, 9, NULL, NULL, 1),
            (528, 14, NULL, 3, NULL, NULL, 91, NULL, NULL, NULL),
            (529, 14, NULL, 3, NULL, NULL, 31, NULL, NULL, NULL),
            (530, 14, NULL, 3, NULL, NULL, 33, NULL, NULL, 1),
            (531, 14, NULL, 3, NULL, NULL, 125, NULL, NULL, 1),
            (532, 14, NULL, 3, NULL, NULL, 94, NULL, NULL, NULL),
            (533, 14, NULL, 3, NULL, NULL, 2, NULL, NULL, 1),
            (534, 15, 1, 1, NULL, NULL, 145, NULL, NULL, 1),
            (535, 15, 1, 2, NULL, NULL, 65, NULL, NULL, 1),
            (536, 15, 1, 3, NULL, NULL, 43, 6, 'static', 1),
            (537, 15, 2, 1, NULL, NULL, 43, 8, 'static', 1),
            (538, 15, 2, 2, NULL, NULL, 43, 20, 'static', 1),
            (539, 15, 2, 3, NULL, NULL, 43, 21, 'static', 1),
            (540, 16, 3, 1, 2, 1, 87, NULL, NULL, 1),
            (541, 16, 3, 2, NULL, NULL, 1, 3, 'static', 2),
            (542, 16, 3, 3, 3, 1, 42, NULL, NULL, 1),
            (543, 16, 4, 1, NULL, NULL, 32, NULL, NULL, 1),
            (544, 16, 4, 2, NULL, NULL, 39, NULL, NULL, 1),
            (545, 16, 4, 3, NULL, NULL, 117, NULL, NULL, NULL),
            (546, 17, 5, 1, NULL, NULL, 2, NULL, NULL, 1),
            (547, 17, 5, 2, 1, NULL, 42, NULL, NULL, 1),
            (548, 17, 5, 3, 2, NULL, 42, NULL, NULL, 1),
            (549, 17, 6, 1, NULL, NULL, 8, NULL, NULL, NULL),
            (550, 17, 6, 2, NULL, NULL, 8, NULL, NULL, NULL),
            (551, 17, 6, 3, NULL, NULL, 48, NULL, NULL, NULL),
            (552, 18, 7, 1, NULL, NULL, 23, NULL, NULL, 1),
            (553, 18, 7, 2, NULL, NULL, 18, NULL, NULL, NULL),
            (554, 18, 7, 3, NULL, NULL, 97, NULL, NULL, NULL),
            (555, 18, 8, 1, NULL, NULL, 145, NULL, NULL, 1),
            (555, 18, 8, 1, NULL, NULL, 65, NULL, NULL, 1),
            (556, 18, 8, 2, NULL, 1, 43, 13, 'static', 1),
            (557, 18, 8, 3, NULL, 1, 50, NULL, NULL, 1),
            (558, 19, 9, 1, NULL, NULL, 145, NULL, NULL, 1),
            (559, 19, 9, 2, NULL, NULL, 65, NULL, NULL, 1),
            (560, 19, 9, 3, NULL, NULL, 149, NULL, NULL, NULL),
            (561, 19, 10, 1, NULL, 1, 43, 13, 'static', 1),
            (562, 19, 10, 2, NULL, 1, 43, 6, 'static', 1),
            (563, 19, 10, 3, NULL, NULL, 156, NULL, NULL, 1),
            (564, 20, NULL, 0, NULL, NULL, 11, NULL, NULL, 1),
            (565, 20, NULL, 0, NULL, NULL, 2, NULL, NULL, 1),
            (566, 20, NULL, 0, NULL, NULL, 3, 1, 'static', NULL),
            (566, 20, NULL, 0, NULL, NULL, 173, 1, 'static', NULL),
            (567, 20, 11, 1, NULL, NULL, 28, NULL, NULL, 1),
            (567, 20, 11, 1, NULL, NULL, 7, NULL, NULL, 1),
            (567, 20, 11, 1, NULL, NULL, 174, NULL, NULL, NULL),
            (567, 20, 11, 1, NULL, NULL, 24, NULL, NULL, 1),
            (568, 20, 11, 1, NULL, NULL, 32, NULL, NULL, 1),
            (568, 20, 11, 1, NULL, NULL, 8, NULL, NULL, NULL),
            (568, 20, 11, 1, NULL, NULL, 10, NULL, NULL, 1),
            (569, 20, 11, 2, NULL, NULL, 140, NULL, NULL, NULL),
            (569, 20, 11, 2, NULL, NULL, 113, NULL, NULL, NULL),
            (569, 20, 11, 2, NULL, NULL, 8, 3, 'know', NULL),
            (569, 20, 11, 2, NULL, NULL, 8, 3, 'know', NULL),
            (569, 20, 11, 2, NULL, NULL, 31, NULL, NULL, NULL),
            (570, 20, 11, 2, NULL, NULL, 18, NULL, NULL, NULL),
            (570, 20, 11, 2, NULL, NULL, 8, NULL, NULL, NULL),
            (570, 20, 11, 2, NULL, NULL, 144, NULL, NULL, NULL),
            (570, 20, 11, 2, NULL, NULL, 32, NULL, NULL, 2),
            (571, 20, 12, 1, NULL, NULL, 104, NULL, NULL, NULL),
            (571, 20, 12, 1, NULL, NULL, 48, NULL, NULL, NULL),
            (571, 20, 12, 1, NULL, NULL, 1, 3, 'static', 1),
            (572, 20, 12, 1, NULL, NULL, 32, NULL, NULL, 1),
            (572, 20, 12, 1, NULL, NULL, 8, NULL, NULL, NULL),
            (572, 20, 12, 1, NULL, NULL, 10, NULL, NULL, 1),
            (573, 20, 12, 2, NULL, NULL, 5, 2, 'static', 1),
            (573, 20, 12, 2, NULL, NULL, 39, NULL, NULL, 1),
            (573, 20, 12, 2, NULL, NULL, 62, NULL, NULL, NULL),
            (574, 20, 12, 2, NULL, NULL, 18, NULL, NULL, NULL),
            (574, 20, 12, 2, NULL, NULL, 8, NULL, NULL, NULL),
            (574, 20, 12, 2, NULL, NULL, 144, NULL, NULL, NULL),
            (574, 20, 12, 2, NULL, NULL, 32, NULL, NULL, 2),
            (575, 21, NULL, 1, NULL, NULL, 86, NULL, NULL, NULL),
            (575, 21, NULL, 1, 2, 1, 87, NULL, NULL, 1),
            (576, 21, NULL, 1, NULL, NULL, 93, NULL, NULL, NULL),
            (577, 21, NULL, 1, NULL, NULL, 7, NULL, NULL, 1),
            (577, 21, NULL, 1, NULL, NULL, 28, NULL, NULL, 1),
            (577, 21, NULL, 1, NULL, NULL, 174, NULL, NULL, NULL),
            (578, 21, NULL, 1, NULL, NULL, 140, NULL, NULL, NULL),
            (578, 21, NULL, 1, NULL, NULL, 8, NULL, NULL, NULL),
            (579, 21, NULL, 1, NULL, NULL, 78, NULL, NULL, 3),
            (580, 21, NULL, 1, NULL, NULL, 9, NULL, NULL, 1),
            (581, 21, NULL, 1, NULL, NULL, 12, NULL, NULL, 1),
            (582, 21, NULL, 1, NULL, NULL, 155, NULL, NULL, 1),
            (583, 21, NULL, 1, NULL, NULL, 2, NULL, NULL, 2),
            (584, 21, NULL, 2, NULL, NULL, 14, NULL, NULL, NULL),
            (585, 21, NULL, 2, NULL, NULL, 15, 4, 'choice', NULL),
            (586, 21, NULL, 2, NULL, NULL, 6, 1, 'static', 1),
            (587, 21, NULL, 2, NULL, NULL, 18, 2, 'choice', NULL),
            (588, 21, NULL, 2, NULL, NULL, 7, NULL, NULL, 3),
            (589, 21, NULL, 2, NULL, NULL, 155, NULL, NULL, 1),
            (590, 21, NULL, 2, NULL, NULL, 153, NULL, NULL, 1),
            (591, 21, NULL, 2, NULL, NULL, 118, NULL, NULL, NULL),
            (592, 21, NULL, 2, 2, 1, 87, NULL, NULL, 2),
            (593, 21, NULL, 3, NULL, NULL, 25, NULL, NULL, 1),
            (594, 21, NULL, 3, NULL, NULL, 112, NULL, NULL, NULL),
            (594, 21, NULL, 3, NULL, NULL, 8, NULL, NULL, NULL),
            (595, 21, NULL, 3, NULL, NULL, 141, NULL, NULL, 1),
            (596, 21, NULL, 3, NULL, NULL, 28, NULL, NULL, 3),
            (597, 21, NULL, 3, NULL, NULL, 143, NULL, NULL, 1),
            (598, 21, NULL, 3, NULL, NULL, 122, NULL, NULL, NULL),
            (598, 21, NULL, 3, NULL, NULL, 87, NULL, NULL, 2),
            (599, 21, NULL, 3, NULL, NULL, 94, NULL, NULL, NULL),
            (600, 21, NULL, 3, 2, 1, 42, NULL, NULL, 1),
            (601, 21, NULL, 4, NULL, NULL, 71, NULL, NULL, NULL),
            (602, 21, NULL, 4, NULL, NULL, 141, NULL, NULL, 1),
            (603, 21, NULL, 4, NULL, NULL, 31, NULL, NULL, NULL),
            (604, 21, NULL, 4, NULL, NULL, 32, NULL, NULL, 1),
            (605, 21, NULL, 4, 2, 1, 72, NULL, NULL, 1),
            (606, 21, NULL, 4, NULL, NULL, 101, NULL, NULL, 1),
            (607, 21, NULL, 5, NULL, NULL, 5, 1, 'static', 1),
            (607, 21, NULL, 5, NULL, NULL, 44, 1, 'static', 1),
            (608, 21, NULL, 5, NULL, NULL, 55, NULL, NULL, 1),
            (609, 21, NULL, 5, NULL, NULL, 98, NULL, NULL, NULL),
            (610, 21, NULL, 5, NULL, NULL, 155, NULL, NULL, 2),
            (611, 21, NULL, 5, 2, 1, 72, NULL, NULL, 1),
            (612, 21, NULL, 5, NULL, NULL, 101, NULL, NULL, 1),
            (613, 22, NULL, 1, NULL, NULL, 15, 1, 'choice', NULL),
            (614, 22, NULL, 1, NULL, NULL, 70, NULL, NULL, NULL),
            (615, 22, NULL, 1, NULL, NULL, 17, NULL, NULL, NULL),
            (615, 22, NULL, 1, NULL, NULL, 26, NULL, NULL, 1),
            (616, 22, NULL, 1, NULL, NULL, 44, 14, 'static', 1),
            (617, 22, NULL, 1, NULL, NULL, 157, NULL, NULL, NULL),
            (618, 22, NULL, 1, NULL, NULL, 12, NULL, NULL, 1),
            (619, 22, NULL, 1, 2, 1, 87, NULL, NULL, 1),
            (620, 22, NULL, 1, NULL, NULL, 37, 18, 'static', 1),
            (621, 22, NULL, 1, NULL, NULL, 37, 4, 'static', 1),
            (622, 22, NULL, 2, NULL, NULL, 106, NULL, NULL, NULL),
            (622, 22, NULL, 2, 2, 1, 87, NULL, NULL, 1),
            (623, 22, NULL, 2, NULL, 3, 80, NULL, NULL, 1),
            (624, 22, NULL, 2, NULL, 3, 81, NULL, NULL, 1),
            (625, 22, NULL, 2, NULL, NULL, 158, NULL, NULL, NULL),
            (626, 22, NULL, 2, 1, 3, 52, NULL, NULL, 1),
            (627, 22, NULL, 2, NULL, NULL, 129, NULL, NULL, NULL),
            (628, 22, NULL, 2, NULL, NULL, 2, NULL, NULL, 2),
            (629, 22, NULL, 2, NULL, NULL, 37, NULL, NULL, 1),
            (630, 22, NULL, 2, NULL, NULL, 37, NULL, NULL, 1),
            (631, 22, NULL, 3, NULL, NULL, 5, 14, 'static', 1),
            (632, 22, NULL, 3, NULL, NULL, 39, NULL, NULL, 1),
            (633, 22, NULL, 3, NULL, NULL, 159, NULL, NULL, NULL),
            (634, 22, NULL, 3, NULL, NULL, 63, NULL, NULL, NULL),
            (635, 22, NULL, 3, NULL, NULL, 1, NULL, NULL, 1),
            (636, 22, NULL, 3, NULL, NULL, 82, NULL, NULL, 1),
            (637, 22, NULL, 3, NULL, NULL, 94, NULL, NULL, NULL),
            (638, 22, NULL, 3, 2, 1, 52, NULL, NULL, 1),
            (639, 22, NULL, 4, NULL, NULL, 67, NULL, NULL, NULL),
            (639, 22, NULL, 4, NULL, NULL, 37, NULL, NULL, 1),
            (640, 22, NULL, 4, NULL, NULL, 93, NULL, NULL, NULL),
            (640, 22, NULL, 4, NULL, NULL, 35, NULL, NULL, 1),
            (641, 22, NULL, 4, NULL, NULL, 47, NULL, NULL, 1),
            (642, 22, NULL, 4, 1, 3, 53, NULL, NULL, 1),
            (643, 22, NULL, 4, NULL, NULL, 124, 15, 'static', 1),
            (644, 22, NULL, 4, 2, 1, 81, NULL, NULL, 1),
            (645, 22, NULL, 5, NULL, NULL, 5, 2, 'static', 1),
            (645, 22, NULL, 5, NULL, NULL, 58, NULL, NULL, NULL),
            (646, 22, NULL, 5, 1, NULL, 80, NULL, NULL, 1),
            (647, 22, NULL, 5, NULL, NULL, 124, 15, 'static', 1),
            (648, 22, NULL, 5, NULL, NULL, 126, NULL, NULL, NULL),
            (649, 22, NULL, 5, 2, 1, 72, NULL, NULL, 1),
            (650, 22, NULL, 5, NULL, NULL, 101, NULL, NULL, 1),
            (651, 23, NULL, 1, NULL, NULL, 93, NULL, NULL, NULL),
            (652, 23, NULL, 1, NULL, NULL, 26, NULL, NULL, 1),
            (653, 23, NULL, 1, NULL, NULL, 8, 2, 'know', NULL),
            (654, 23, NULL, 1, NULL, NULL, 122, NULL, NULL, NULL),
            (655, 23, NULL, 1, NULL, NULL, 9, NULL, NULL, 1),
            (656, 23, NULL, 1, NULL, NULL, 89, NULL, NULL, 1),
            (657, 23, NULL, 1, NULL, NULL, 87, NULL, NULL, 2),
            (658, 23, NULL, 1, NULL, NULL, 153, NULL, NULL, 1),
            (659, 23, NULL, 1, NULL, NULL, 160, NULL, NULL, NULL),
            (660, 23, NULL, 2, NULL, NULL, 15, 4, 'choice', NULL),
            (661, 23, NULL, 2, NULL, NULL, 86, NULL, NULL, NULL),
            (662, 23, NULL, 2, NULL, NULL, 71, NULL, NULL, NULL),
            (663, 23, NULL, 2, NULL, NULL, 104, NULL, NULL, NULL),
            (664, 23, NULL, 2, NULL, NULL, 8, 2, 'know', NULL),
            (664, 23, NULL, 2, NULL, NULL, 1, 3, 'static', 1),
            (665, 23, NULL, 2, NULL, NULL, 36, NULL, NULL, 1),
            (666, 23, NULL, 2, NULL, NULL, 89, NULL, NULL, 1),
            (667, 23, NULL, 2, NULL, NULL, 153, NULL, NULL, 1),
            (668, 23, NULL, 2, NULL, NULL, 161, NULL, NULL, 1),
            (669, 23, NULL, 3, NULL, NULL, 112, NULL, NULL, NULL),
            (670, 23, NULL, 3, NULL, NULL, 9, NULL, NULL, 1),
            (671, 23, NULL, 3, NULL, NULL, 162, NULL, NULL, NULL),
            (672, 23, NULL, 3, NULL, NULL, 60, NULL, NULL, NULL),
            (673, 23, NULL, 3, NULL, NULL, 128, NULL, NULL, NULL),
            (674, 23, NULL, 3, NULL, NULL, 94, NULL, NULL, NULL),
            (675, 23, NULL, 3, NULL, NULL, 161, NULL, NULL, 1),
            (676, 23, NULL, 3, NULL, NULL, 101, NULL, NULL, 1),
            (677, 23, NULL, 4, NULL, NULL, 25, 12, 'static', 1),
            (678, 23, NULL, 4, NULL, NULL, 6, 3, 'static', 1),
            (678, 23, NULL, 4, NULL, NULL, 5, 3, 'static', 1),
            (679, 23, NULL, 4, NULL, NULL, 39, NULL, NULL, 2),
            (680, 23, NULL, 4, NULL, NULL, 54, NULL, NULL, NULL),
            (681, 23, NULL, 4, NULL, NULL, 55, 4, 'static', 1),
            (682, 23, NULL, 4, NULL, NULL, 12, NULL, NULL, 3),
            (683, 23, NULL, 5, NULL, NULL, 5, 3, 'static', 1),
            (683, 23, NULL, 5, NULL, NULL, 58, NULL, NULL, NULL),
            (684, 23, NULL, 5, NULL, NULL, 55, NULL, NULL, 1),
            (685, 23, NULL, 5, NULL, NULL, 62, NULL, NULL, NULL),
            (685, 23, NULL, 5, NULL, NULL, 1, 3, 'static', 1),
            (686, 23, NULL, 5, NULL, NULL, 163, NULL, NULL, NULL),
            (687, 23, NULL, 5, NULL, NULL, 13, NULL, NULL, 2),
            (688, 23, NULL, 5, 2, 1, 81, NULL, NULL, 1),
            (689, 24, NULL, 1, NULL, NULL, 14, NULL, NULL, NULL),
            (690, 24, NULL, 1, NULL, NULL, 15, 1, 'choice', NULL),
            (691, 24, NULL, 1, NULL, NULL, 86, NULL, NULL, NULL),
            (692, 24, NULL, 1, NULL, NULL, 29, NULL, NULL, 1),
            (693, 24, NULL, 1, NULL, NULL, 9, NULL, NULL, 1),
            (694, 24, NULL, 1, NULL, NULL, 1, 4, 'static', 1),
            (695, 24, NULL, 1, NULL, NULL, 12, NULL, NULL, 1),
            (696, 24, NULL, 1, NULL, NULL, 155, NULL, NULL, 1),
            (697, 24, NULL, 1, NULL, 2, 87, NULL, NULL, 2),
            (698, 24, NULL, 2, NULL, NULL, 70, NULL, NULL, NULL),
            (699, 24, NULL, 2, NULL, NULL, 8, 1, 'know', NULL),
            (700, 24, NULL, 2, NULL, NULL, 35, 4, 'static', 1),
            (701, 24, NULL, 2, NULL, NULL, 12, NULL, NULL, 1),
            (702, 24, NULL, 2, NULL, NULL, 128, NULL, NULL, NULL),
            (703, 24, NULL, 2, NULL, NULL, 161, NULL, NULL, 1),
            (704, 24, NULL, 2, 2, 2, 42, NULL, NULL, 1),
            (705, 24, NULL, 2, 2, 2, 42, NULL, NULL, 1),
            (706, 24, NULL, 2, NULL, NULL, 95, NULL, NULL, NULL),
            (707, 24, NULL, 3, NULL, NULL, 25, 12, 'static', 1),
            (708, 24, NULL, 3, NULL, NULL, 88, NULL, NULL, 1),
            (709, 24, NULL, 3, NULL, NULL, 71, NULL, NULL, NULL),
            (710, 24, NULL, 3, NULL, NULL, 29, NULL, NULL, 1),
            (711, 24, NULL, 3, NULL, NULL, 122, NULL, NULL, NULL),
            (711, 24, NULL, 3, 1, 2, 87, NULL, NULL, 2),
            (712, 24, NULL, 3, NULL, NULL, 9, NULL, NULL, 1),
            (713, 24, NULL, 3, NULL, NULL, 155, NULL, NULL, 1),
            (713, 24, NULL, 3, NULL, NULL, 153, NULL, NULL, 1),
            (714, 24, NULL, 3, NULL, NULL, 2, NULL, NULL, 2),
            (715, 24, NULL, 4, NULL, NULL, 96, NULL, NULL, NULL),
            (716, 24, NULL, 4, NULL, NULL, 5, 11, 'static', 1),
            (716, 24, NULL, 4, NULL, NULL, 44, 11, 'static', 1),
            (717, 24, NULL, 4, NULL, NULL, 55, 4, 'static', 1),
            (718, 24, NULL, 4, NULL, NULL, 35, NULL, NULL, 1),
            (719, 24, NULL, 4, NULL, NULL, 82, NULL, NULL, 1),
            (720, 24, NULL, 4, 2, 2, 72, NULL, NULL, 1),
            (721, 24, NULL, 5, 5, 2, 42, NULL, NULL, 1),
            (722, 24, NULL, 5, NULL, NULL, 55, 4, 'static', 1),
            (723, 24, NULL, 5, NULL, NULL, 99, NULL, NULL, NULL),
            (724, 24, NULL, 5, NULL, NULL, 139, NULL, NULL, NULL),
            (725, 24, NULL, 5, 2, 2, 72, NULL, NULL, 1),
            (726, 24, NULL, 5, NULL, NULL, 101, NULL, NULL, 1),
            (727, 25, NULL, 1, NULL, NULL, 15, 4, 'choice', NULL),
            (728, 25, NULL, 1, NULL, NULL, 6, 3, 'static', 1),
            (729, 25, NULL, 1, NULL, NULL, 104, NULL, NULL, NULL),
            (730, 25, NULL, 1, NULL, NULL, 103, NULL, NULL, 1),
            (731, 25, NULL, 1, NULL, NULL, 57, NULL, NULL, NULL),
            (732, 25, NULL, 1, NULL, NULL, 19, NULL, NULL, NULL),
            (733, 25, NULL, 1, NULL, NULL, 105, NULL, NULL, NULL),
            (734, 25, NULL, 1, NULL, NULL, 32, NULL, NULL, 1),
            (735, 25, NULL, 1, NULL, 1, 43, 22, 'static', 1),
            (736, 25, NULL, 1, 2, 1, 87, NULL, NULL, 2),
            (737, 25, NULL, 2, NULL, NULL, 71, NULL, NULL, NULL),
            (738, 25, NULL, 2, NULL, NULL, 164, NULL, NULL, NULL),
            (739, 25, NULL, 2, NULL, NULL, 29, NULL, NULL, 1),
            (740, 25, NULL, 2, NULL, NULL, 113, NULL, NULL, NULL),
            (741, 25, NULL, 2, NULL, NULL, 8, 1, 'know', NULL),
            (741, 25, NULL, 2, NULL, NULL, 32, NULL, NULL, 1),
            (742, 25, NULL, 2, NULL, NULL, 82, NULL, NULL, 1),
            (743, 25, NULL, 2, NULL, NULL, 128, NULL, NULL, NULL),
            (744, 25, NULL, 2, NULL, 1, 43, 23, 'static', 1),
            (745, 25, NULL, 2, NULL, 1, 43, 22, 'static', 1),
            (746, 25, NULL, 2, 2, NULL, 42, NULL, NULL, 1),
            (747, 25, NULL, 3, NULL, NULL, 103, NULL, NULL, 1),
            (748, 25, NULL, 3, NULL, NULL, 106, NULL, NULL, NULL),
            (749, 25, NULL, 3, NULL, NULL, 8, 1, 'know', NULL),
            (750, 25, NULL, 3, NULL, NULL, 165, NULL, NULL, NULL),
            (751, 25, NULL, 3, NULL, NULL, 138, NULL, NULL, NULL),
            (752, 25, NULL, 3, NULL, NULL, 94, NULL, NULL, NULL),
            (753, 25, NULL, 3, NULL, NULL, 161, NULL, NULL, 1),
            (754, 25, NULL, 3, NULL, NULL, 161, NULL, NULL, 1),
            (755, 25, NULL, 3, NULL, NULL, 166, NULL, NULL, NULL),
            (756, 25, NULL, 4, NULL, NULL, 112, NULL, NULL, NULL),
            (757, 25, NULL, 4, NULL, NULL, 104, NULL, NULL, NULL),
            (757, 25, NULL, 4, NULL, NULL, 46, NULL, NULL, NULL),
            (758, 25, NULL, 4, NULL, NULL, 39, NULL, NULL, 1),
            (759, 25, NULL, 4, NULL, NULL, 29, NULL, NULL, 1),
            (760, 25, NULL, 4, NULL, NULL, 167, NULL, NULL, NULL),
            (760, 25, NULL, 4, NULL, NULL, 31, NULL, NULL, NULL),
            (761, 25, NULL, 4, NULL, NULL, 60, NULL, NULL, NULL),
            (761, 25, NULL, 4, 2, 1, 87, NULL, NULL, 1),
            (762, 25, NULL, 5, NULL, NULL, 168, NULL, NULL, NULL),
            (763, 25, NULL, 5, NULL, NULL, 5, 3, 'static', 1),
            (763, 25, NULL, 5, NULL, NULL, 44, 1, 'static', 1),
            (764, 25, NULL, 5, NULL, NULL, 169, NULL, NULL, NULL),
            (765, 25, NULL, 5, 2, 1, 72, NULL, NULL, 1),
            (766, 25, NULL, 5, NULL, NULL, 101, NULL, NULL, 1),
            (767, 26, NULL, 1, NULL, NULL, 15, 1, 'choice', NULL),
            (768, 26, NULL, 1, NULL, NULL, 18, 2, 'choice', NULL),
            (769, 26, NULL, 1, NULL, NULL, 28, NULL, NULL, 1),
            (770, 26, NULL, 1, NULL, NULL, 19, NULL, NULL, NULL),
            (771, 26, NULL, 1, NULL, NULL, 8, 1, 'know', NULL),
            (772, 26, NULL, 1, NULL, NULL, 10, NULL, NULL, 2),
            (773, 26, NULL, 1, 2, 1, 87, NULL, NULL, 1),
            (774, 26, NULL, 1, NULL, NULL, 37, 4, 'static', 1),
            (775, 26, NULL, 1, NULL, NULL, 24, NULL, NULL, 1),
            (776, 26, NULL, 2, NULL, NULL, 70, NULL, NULL, NULL),
            (777, 26, NULL, 2, NULL, NULL, 48, NULL, NULL, NULL),
            (778, 26, NULL, 2, NULL, NULL, 8, NULL, NULL, NULL),
            (778, 26, NULL, 2, NULL, NULL, 140, NULL, NULL, NULL),
            (779, 26, NULL, 2, NULL, NULL, 35, 4, 'static', 1),
            (780, 26, NULL, 2, NULL, NULL, 73, NULL, NULL, 2),
            (781, 26, NULL, 2, NULL, 1, 43, 16, 'static', 1),
            (782, 26, NULL, 2, NULL, NULL, 36, NULL, NULL, 1),
            (783, 26, NULL, 2, NULL, 1, 43, 9, 'static', 1),
            (784, 26, NULL, 2, NULL, 1, 43, 5, 'static', 1),
            (785, 26, NULL, 3, NULL, NULL, 25, NULL, NULL, 1),
            (786, 26, NULL, 3, NULL, NULL, 141, NULL, NULL, 1),
            (787, 26, NULL, 3, NULL, NULL, 8, 1, 'know', NULL),
            (788, 26, NULL, 3, NULL, NULL, 35, NULL, NULL, 1),
            (789, 26, NULL, 3, NULL, NULL, 167, NULL, NULL, NULL),
            (789, 26, NULL, 3, NULL, NULL, 32, NULL, NULL, 1),
            (790, 26, NULL, 3, NULL, NULL, 1, NULL, NULL, 1),
            (791, 26, NULL, 3, NULL, 1, 43, 10, 'static', 1),
            (792, 26, NULL, 3, NULL, NULL, 170, NULL, NULL, 1),
            (793, 26, NULL, 4, NULL, NULL, 171, NULL, NULL, NULL),
            (794, 26, NULL, 4, NULL, NULL, 47, NULL, NULL, 1),
            (795, 26, NULL, 4, NULL, NULL, 63, NULL, NULL, NULL),
            (796, 26, NULL, 4, NULL, 1, 43, 16, 'static', 2),
            (797, 26, NULL, 4, NULL, 1, 43, 10, 'static', 2),
            (798, 26, NULL, 4, NULL, 1, 111, NULL, NULL, 2),
            (799, 26, NULL, 5, NULL, NULL, 44, 1, 'static', 1),
            (799, 26, NULL, 5, NULL, NULL, 5, 2, 'static', 1),
            (800, 26, NULL, 5, NULL, NULL, 55, NULL, NULL, 1),
            (801, 26, NULL, 5, NULL, NULL, 62, NULL, NULL, NULL),
            (802, 26, NULL, 5, NULL, 1, 50, NULL, NULL, 1),
            (803, 26, NULL, 5, NULL, NULL, 118, NULL, NULL, NULL),
            (804, 26, NULL, 5, 2, NULL, 53, NULL, NULL, 1),
            (805, 27, NULL, 1, NULL, NULL, 14, 5, 'choice', NULL),
            (806, 27, NULL, 1, NULL, NULL, 15, NULL, NULL, NULL),
            (807, 27, NULL, 1, NULL, NULL, 7, NULL, NULL, 1),
            (807, 27, NULL, 1, NULL, NULL, 28, NULL, NULL, 1),
            (807, 27, NULL, 1, NULL, NULL, 174, NULL, NULL, NULL),
            (808, 27, NULL, 1, NULL, NULL, 140, NULL, NULL, NULL),
            (808, 27, NULL, 1, NULL, NULL, 8, NULL, NULL, NULL),
            (809, 27, NULL, 1, NULL, NULL, 42, NULL, NULL, 1),
            (810, 27, NULL, 1, 1, NULL, 78, NULL, NULL, 1),
            (811, 27, NULL, 1, NULL, NULL, 12, NULL, NULL, 1),
            (812, 27, NULL, 1, NULL, NULL, 2, NULL, NULL, 1),
            (813, 27, NULL, 1, NULL, NULL, 24, NULL, NULL, 1),
            (814, 27, NULL, 2, NULL, NULL, 25, NULL, NULL, 1),
            (815, 27, NULL, 2, NULL, NULL, 44, 14, 'static', 1),
            (816, 27, NULL, 2, NULL, NULL, 172, NULL, NULL, NULL),
            (817, 27, NULL, 2, 1, NULL, 42, NULL, NULL, 1),
            (818, 27, NULL, 2, NULL, NULL, 35, 4, 'static', 1),
            (819, 27, NULL, 2, NULL, NULL, 73, NULL, NULL, 1),
            (820, 27, NULL, 2, NULL, NULL, 10, NULL, NULL, 1),
            (821, 27, NULL, 2, NULL, NULL, 1, 4, 'static', 1),
            (822, 27, NULL, 2, NULL, NULL, 2, NULL, NULL, 1),
            (822, 27, NULL, 2, NULL, NULL, 37, 4, 'static', 1),
            (823, 27, NULL, 3, NULL, NULL, 70, NULL, NULL, NULL),
            (824, 27, NULL, 3, NULL, NULL, 27, NULL, NULL, NULL),
            (825, 27, NULL, 3, NULL, NULL, 141, NULL, NULL, 1),
            (825, 27, NULL, 3, NULL, NULL, 28, NULL, NULL, 1),
            (826, 27, NULL, 3, NULL, NULL, 7, NULL, NULL, 1),
            (826, 27, NULL, 3, NULL, NULL, 142, NULL, NULL, NULL),
            (827, 27, NULL, 3, NULL, NULL, 145, NULL, NULL, 1),
            (827, 27, NULL, 3, NULL, NULL, 65, NULL, NULL, 1),
            (828, 27, NULL, 3, NULL, 4, 80, NULL, NULL, 1),
            (829, 27, NULL, 3, NULL, NULL, 12, NULL, NULL, 2),
            (830, 27, NULL, 3, 2, NULL, 42, NULL, NULL, 1),
            (831, 27, NULL, 4, NULL, NULL, 111, NULL, NULL, 1),
            (832, 27, NULL, 4, NULL, NULL, 55, 4, 'static', 1),
            (833, 27, NULL, 4, NULL, NULL, 141, NULL, NULL, 1),
            (833, 27, NULL, 4, NULL, NULL, 28, NULL, NULL, 1),
            (834, 27, NULL, 4, NULL, NULL, 7, NULL, NULL, 1),
            (834, 27, NULL, 4, NULL, NULL, 118, NULL, NULL, NULL),
            (835, 27, NULL, 4, NULL, NULL, 35, 4, 'static', 2),
            (836, 27, NULL, 4, 1, NULL, 81, NULL, NULL, 1),
            (837, 27, NULL, 5, 5, NULL, 42, NULL, NULL, 1),
            (838, 27, NULL, 5, NULL, NULL, 44, 1, 'static', 2),
            (839, 27, NULL, 5, NULL, NULL, 55, NULL, NULL, 1),
            (840, 27, NULL, 5, NULL, NULL, 75, NULL, NULL, NULL),
            (841, 27, NULL, 5, NULL, NULL, 124, 15, 'static', 1),
            (842, 27, NULL, 5, NULL, NULL, 152, NULL, NULL, NULL);

####################################################################################################